<?xml version="1.0" encoding="UTF-8" standalone="yes"?>
<addon id="plugin.video.add_sources_xml" name="*** add_sources_xml" version="0.0.1" provider-name="DLN">
    <requires>
    </requires>
    <extension point="xbmc.python.pluginsource"
               library="default.py">
        <provides>video</provides>
    </extension>
    <extension point="xbmc.addon.metadata">
        <platform>all</platform>
        <summary>add sources.xml</summary>
        <description>Quick way to add sources.xml for newbie</description>
    </extension>
</addon>