<sources>
    <programs>
        <default pathversion="1"></default>
    </programs>
    <video>
        <default pathversion="1"></default>
        <source>
            <name>Adult XXX</name>
            <path pathversion="1">http://prozone.getxbmc.com/Playlists-Adult/</path>
            <allowsharing>true</allowsharing>
        </source>
        <source>
            <name>music</name>
            <path pathversion="1">http://f.vp9.tv/music/</path>
            <allowsharing>true</allowsharing>
        </source>		
        <source>
            <name>International</name>
            <path pathversion="1">http://prozone.getxbmc.com/Playlists/-%20International/</path>
            <allowsharing>true</allowsharing>
        </source>
        <source>
            <name>tvcatchup</name>
            <path pathversion="1">http://113.160.49.39/tvcatchup/</path>
            <allowsharing>true</allowsharing>
        </source>
    </video>
    <music>
        <default pathversion="1"></default>
    </music>
    <pictures>
        <default pathversion="1"></default>
    </pictures>
    <files>
        <default pathversion="1"></default>
        <source>
            <name></name>
            <path pathversion="1"></path>
            <allowsharing>true</allowsharing>
        </source>
    </files>
</sources>
