<?xml version="1.0" encoding="utf-8" standalone="yes"?>

<channels>

<channel>
<name>XBMC / Kodi</name>
<thumbnail>https://i.ytimg.com/vi/RDun9WIWP20/mqdefault.jpg</thumbnail>
<items>
<item>
<title>[COLOR cyan]XBMC Plugin Creator Tutorial![/COLOR]</title>
<link>plugin://plugin.video.youtube/play/?video_id=vwUiuQw_QWw</link>
<thumbnail>https://yt3.ggpht.com/-CYDl3wBYP5s/AAAAAAAAAAI/AAAAAAAAAAA/3lVxjqLRPOQ/s88-c-k-no/photo.jpg</thumbnail>
</item>
<item>
<title>HOW TO USE XBMC</title>
<link>plugin://plugin.video.youtube/play/?video_id=RDun9WIWP20</link>
<thumbnail>https://yt3.ggpht.com/-3UKe5O1TaHQ/AAAAAAAAAAI/AAAAAAAAAAA/z6o_-PqjA1k/s88-c-k-no/photo.jpg</thumbnail>
</item>
<item>
<title>XBMC - How to make a FULL backup And FULL Restore</title>
<link>plugin://plugin.video.youtube/play/?video_id=ksYu6ncLiW0</link>
<thumbnail>https://yt3.ggpht.com/-Di1yJ8EnHek/AAAAAAAAAAI/AAAAAAAAAAA/38_mvmEsrAQ/s88-c-k-no/photo.jpg</thumbnail>
</item>
<item>
<title>xbmc set up and config</title>
<link>plugin://plugin.video.youtube/play/?video_id=ITl00InGqNY</link>
<thumbnail>https://yt3.ggpht.com/-i6Fj79AcPy0/AAAAAAAAAAI/AAAAAAAAAAA/ijTXhDdNy0E/s88-c-k-no/photo.jpg</thumbnail>
</item>
<item>
<title>Clear the Cache of XBMC / Kodi ( December 2014)</title>
<link>plugin://plugin.video.youtube/play/?video_id=qEBj57OOddw</link>
<thumbnail>https://yt3.ggpht.com/-7MqMXmT3DR8/AAAAAAAAAAI/AAAAAAAAAAA/bfs3l0wg6u4/s88-c-k-no/photo.jpg</thumbnail>
</item>
<item>
<title>XBMC - How To Install & Setup p2p-streams</title>
<link>plugin://plugin.video.youtube/play/?video_id=iutIwY78GII</link>
<thumbnail>https://yt3.ggpht.com/-Di1yJ8EnHek/AAAAAAAAAAI/AAAAAAAAAAA/38_mvmEsrAQ/s88-c-k-no/photo.jpg</thumbnail>
</item>
<item>
<title>XBMC - How to Install EVERY Add-on that XBMC Has to Offer</title>
<link>plugin://plugin.video.youtube/play/?video_id=_GYXPm5fENw</link>
<thumbnail>https://yt3.ggpht.com/-yyi7bfBAFdM/AAAAAAAAAAI/AAAAAAAAAAA/YZtjGJ9XsYo/s88-c-k-no/photo.jpg</thumbnail>
</item>
<item>
<title>How to Increase XBMC Cache Space</title>
<link>plugin://plugin.video.youtube/play/?video_id=v0kMgBZF6J8</link>
<thumbnail>https://yt3.ggpht.com/-Se4DrSNofmU/AAAAAAAAAAI/AAAAAAAAAAA/KWZhJotP3d0/s88-c-k-no/photo.jpg</thumbnail>
</item>
</items>
</channel>

<channel>
<name>Python by Dạy Nhau Học</name>
<thumbnail>https://yt3.ggpht.com/-b-RsqDVfnKA/AAAAAAAAAAI/AAAAAAAAAAA/inzrLSRPB-o/s88-c-k-no/photo.jpg</thumbnail>
<items>
<item>
<title>Python Bài 0 - Giới thiệu Python</title>
<link>plugin://plugin.video.youtube/play/?video_id=FgN-mHwHLyg</link>
<thumbnail>https://yt3.ggpht.com/-b-RsqDVfnKA/AAAAAAAAAAI/AAAAAAAAAAA/inzrLSRPB-o/s88-c-k-no/photo.jpg</thumbnail>
</item>
<item>
<title>Powershell Bài 1</title>
<link>plugin://plugin.video.youtube/play/?video_id=UQ1kh8yZG7k</link>
<thumbnail>https://yt3.ggpht.com/-b-RsqDVfnKA/AAAAAAAAAAI/AAAAAAAAAAA/inzrLSRPB-o/s88-c-k-no/photo.jpg</thumbnail>
</item>
<item>
<title>Powershell Bài 2</title>
<link>plugin://plugin.video.youtube/play/?video_id=f08nvrFjzGw</link>
<thumbnail>https://yt3.ggpht.com/-b-RsqDVfnKA/AAAAAAAAAAI/AAAAAAAAAAA/inzrLSRPB-o/s88-c-k-no/photo.jpg</thumbnail>
</item>
<item>
<title>Python Bài 1 - Chương trình đầu tiên</title>
<link>plugin://plugin.video.youtube/play/?video_id=z6kLia0RgW4</link>
<thumbnail>https://yt3.ggpht.com/-b-RsqDVfnKA/AAAAAAAAAAI/AAAAAAAAAAA/inzrLSRPB-o/s88-c-k-no/photo.jpg</thumbnail>
</item>
<item>
<title>Python Bài 2 - Comments</title>
<link>plugin://plugin.video.youtube/play/?video_id=A_lL0VhXoGA</link>
<thumbnail>https://yt3.ggpht.com/-b-RsqDVfnKA/AAAAAAAAAAI/AAAAAAAAAAA/inzrLSRPB-o/s88-c-k-no/photo.jpg</thumbnail>
</item>
<item>
<title>Python Bài 2 - Comments - Ôn tập</title>
<link>plugin://plugin.video.youtube/play/?video_id=5qqMZsq59_E</link>
<thumbnail>https://yt3.ggpht.com/-b-RsqDVfnKA/AAAAAAAAAAI/AAAAAAAAAAA/inzrLSRPB-o/s88-c-k-no/photo.jpg</thumbnail>
</item>
<item>
<title>Python Bài 3 - Số và toán</title>
<link>plugin://plugin.video.youtube/play/?video_id=fyzu_Gw8J8c</link>
<thumbnail>https://yt3.ggpht.com/-b-RsqDVfnKA/AAAAAAAAAAI/AAAAAAAAAAA/inzrLSRPB-o/s88-c-k-no/photo.jpg</thumbnail>
</item>
<item>
<title>Python Bài 3 - Số và toán - Ôn Tập</title>
<link>plugin://plugin.video.youtube/play/?video_id=7FxctJyl1Lk</link>
<thumbnail>https://yt3.ggpht.com/-b-RsqDVfnKA/AAAAAAAAAAI/AAAAAAAAAAA/inzrLSRPB-o/s88-c-k-no/photo.jpg</thumbnail>
</item>
<item>
<title>Python Bài 4 - Biến và tên</title>
<link>plugin://plugin.video.youtube/play/?video_id=5Lxms-HswSo</link>
<thumbnail>https://yt3.ggpht.com/-b-RsqDVfnKA/AAAAAAAAAAI/AAAAAAAAAAA/inzrLSRPB-o/s88-c-k-no/photo.jpg</thumbnail>
</item>
<item>
<title>Python Bài 4 - Biến và tên - Ôn tập</title>
<link>plugin://plugin.video.youtube/play/?video_id=FXu5Nny5fgU</link>
<thumbnail>https://yt3.ggpht.com/-b-RsqDVfnKA/AAAAAAAAAAI/AAAAAAAAAAA/inzrLSRPB-o/s88-c-k-no/photo.jpg</thumbnail>
</item>
<item>
<title>Python Bài 5 - Tiếp tục Biến và tên</title>
<link>plugin://plugin.video.youtube/play/?video_id=J_Rg86V12Q4</link>
<thumbnail>https://yt3.ggpht.com/-b-RsqDVfnKA/AAAAAAAAAAI/AAAAAAAAAAA/inzrLSRPB-o/s88-c-k-no/photo.jpg</thumbnail>
</item>
<item>
<title>Python Bài 5 - Tiếp tục biến và tên - Ôn tập</title>
<link>plugin://plugin.video.youtube/play/?video_id=BQKvDtl58rg</link>
<thumbnail>https://yt3.ggpht.com/-b-RsqDVfnKA/AAAAAAAAAAI/AAAAAAAAAAA/inzrLSRPB-o/s88-c-k-no/photo.jpg</thumbnail>
</item>
<item>
<title>Python Bài 6 - String and text</title>
<link>plugin://plugin.video.youtube/play/?video_id=wof1Laykrik</link>
<thumbnail>https://yt3.ggpht.com/-b-RsqDVfnKA/AAAAAAAAAAI/AAAAAAAAAAA/inzrLSRPB-o/s88-c-k-no/photo.jpg</thumbnail>
</item>
<item>
<title>Python Bài 6 - String and text - Ôn tập</title>
<link>plugin://plugin.video.youtube/play/?video_id=RRzezIDtT0Q</link>
<thumbnail>https://yt3.ggpht.com/-b-RsqDVfnKA/AAAAAAAAAAI/AAAAAAAAAAA/inzrLSRPB-o/s88-c-k-no/photo.jpg</thumbnail>
</item>
<item>
<title>Python Bài 7 - Tiếp tục print</title>
<link>plugin://plugin.video.youtube/play/?video_id=vXd9GUtrqto</link>
<thumbnail>https://yt3.ggpht.com/-b-RsqDVfnKA/AAAAAAAAAAI/AAAAAAAAAAA/inzrLSRPB-o/s88-c-k-no/photo.jpg</thumbnail>
</item>
<item>
<title>Python Bài 7 - Tiếp tục print - Ôn tập</title>
<link>plugin://plugin.video.youtube/play/?video_id=7h-V0Rza9mg</link>
<thumbnail>https://yt3.ggpht.com/-b-RsqDVfnKA/AAAAAAAAAAI/AAAAAAAAAAA/inzrLSRPB-o/s88-c-k-no/photo.jpg</thumbnail>
</item>
<item>
<title>Python Bài 8 - Printing, Printing</title>
<link>plugin://plugin.video.youtube/play/?video_id=24gFT6AgNzI</link>
<thumbnail>https://yt3.ggpht.com/-b-RsqDVfnKA/AAAAAAAAAAI/AAAAAAAAAAA/inzrLSRPB-o/s88-c-k-no/photo.jpg</thumbnail>
</item>
<item>
<title>Python Bài 8 - Printing, Printing - Ôn tập</title>
<link>plugin://plugin.video.youtube/play/?video_id=fzyQ5h7k5Nc</link>
<thumbnail>https://yt3.ggpht.com/-b-RsqDVfnKA/AAAAAAAAAAI/AAAAAAAAAAA/inzrLSRPB-o/s88-c-k-no/photo.jpg</thumbnail>
</item>
<item>
<title>Python Bài 9 - Printing, Printing, Printing</title>
<link>plugin://plugin.video.youtube/play/?video_id=V9WynG46qOM</link>
<thumbnail>https://yt3.ggpht.com/-b-RsqDVfnKA/AAAAAAAAAAI/AAAAAAAAAAA/inzrLSRPB-o/s88-c-k-no/photo.jpg</thumbnail>
</item>
<item>
<title>Python Bài 9 - Printing, Printing, Printing - Ôn tập</title>
<link>plugin://plugin.video.youtube/play/?video_id=KnqIed-hHmo</link>
<thumbnail>https://yt3.ggpht.com/-b-RsqDVfnKA/AAAAAAAAAAI/AAAAAAAAAAA/inzrLSRPB-o/s88-c-k-no/photo.jpg</thumbnail>
</item>
<item>
<title>Python Bài 10 - What was that?</title>
<link>plugin://plugin.video.youtube/play/?video_id=8M-l7DaHNmY</link>
<thumbnail>https://yt3.ggpht.com/-b-RsqDVfnKA/AAAAAAAAAAI/AAAAAAAAAAA/inzrLSRPB-o/s88-c-k-no/photo.jpg</thumbnail>
</item>
<item>
<title>Python Bài 10 - What was that? - Ôn tập</title>
<link>plugin://plugin.video.youtube/play/?video_id=nHtaL4BqUNM</link>
<thumbnail>https://yt3.ggpht.com/-b-RsqDVfnKA/AAAAAAAAAAI/AAAAAAAAAAA/inzrLSRPB-o/s88-c-k-no/photo.jpg</thumbnail>
</item>
<item>
<title>Python Bài 11 - Nhập Dữ Liệu</title>
<link>plugin://plugin.video.youtube/play/?video_id=NPY1D4pMJM0</link>
<thumbnail>https://yt3.ggpht.com/-b-RsqDVfnKA/AAAAAAAAAAI/AAAAAAAAAAA/inzrLSRPB-o/s88-c-k-no/photo.jpg</thumbnail>
</item>
<item>
<title>Python Bài 11 - Nhập Dữ Liệu - Ôn tập</title>
<link>plugin://plugin.video.youtube/play/?video_id=X6yyDsD68lQ</link>
<thumbnail>https://yt3.ggpht.com/-b-RsqDVfnKA/AAAAAAAAAAI/AAAAAAAAAAA/inzrLSRPB-o/s88-c-k-no/photo.jpg</thumbnail>
</item>
<item>
<title>Python Bài 12 - Prompt</title>
<link>plugin://plugin.video.youtube/play/?video_id=XYmtLlOL7lg</link>
<thumbnail>https://yt3.ggpht.com/-b-RsqDVfnKA/AAAAAAAAAAI/AAAAAAAAAAA/inzrLSRPB-o/s88-c-k-no/photo.jpg</thumbnail>
</item>
<item>
<title>Python Bài 12 - Prompt - Ôn tập</title>
<link>plugin://plugin.video.youtube/play/?video_id=-3mTQJ2z_5o</link>
<thumbnail>https://yt3.ggpht.com/-b-RsqDVfnKA/AAAAAAAAAAI/AAAAAAAAAAA/inzrLSRPB-o/s88-c-k-no/photo.jpg</thumbnail>
</item>
<item>
<title>Python Bài 13 - Tham số dòng lệnh</title>
<link>plugin://plugin.video.youtube/play/?video_id=vkpU8dMQAeA</link>
<thumbnail>https://yt3.ggpht.com/-b-RsqDVfnKA/AAAAAAAAAAI/AAAAAAAAAAA/inzrLSRPB-o/s88-c-k-no/photo.jpg</thumbnail>
</item>
<item>
<title>Python Bài 13 - Tham số dòng lệnh - Ôn tập</title>
<link>plugin://plugin.video.youtube/play/?video_id=qrVSxLXcp8M</link>
<thumbnail>https://yt3.ggpht.com/-b-RsqDVfnKA/AAAAAAAAAAI/AAAAAAAAAAA/inzrLSRPB-o/s88-c-k-no/photo.jpg</thumbnail>
</item>
<item>
<title>Python Bài 14 - argv và raw_input</title>
<link>plugin://plugin.video.youtube/play/?video_id=Prz5zh_tadI</link>
<thumbnail>https://yt3.ggpht.com/-b-RsqDVfnKA/AAAAAAAAAAI/AAAAAAAAAAA/inzrLSRPB-o/s88-c-k-no/photo.jpg</thumbnail>
</item>
<item>
<title>Python Bài 14 - argv và raw_input - Ôn tập</title>
<link>plugin://plugin.video.youtube/play/?video_id=xfLsyE-WghM</link>
<thumbnail>https://yt3.ggpht.com/-b-RsqDVfnKA/AAAAAAAAAAI/AAAAAAAAAAA/inzrLSRPB-o/s88-c-k-no/photo.jpg</thumbnail>
</item>
<item>
<title>Python Bài 15 - Đọc file</title>
<link>plugin://plugin.video.youtube/play/?video_id=vE2qMeFBbOk</link>
<thumbnail>https://yt3.ggpht.com/-b-RsqDVfnKA/AAAAAAAAAAI/AAAAAAAAAAA/inzrLSRPB-o/s88-c-k-no/photo.jpg</thumbnail>
</item>
<item>
<title>Python Bài 15 - Đọc file - Ôn tập</title>
<link>plugin://plugin.video.youtube/play/?video_id=sryMgzdjJzQ</link>
<thumbnail>https://yt3.ggpht.com/-b-RsqDVfnKA/AAAAAAAAAAI/AAAAAAAAAAA/inzrLSRPB-o/s88-c-k-no/photo.jpg</thumbnail>
</item>
<item>
<title>Python Bài 16 - Đọc và ghi file</title>
<link>plugin://plugin.video.youtube/play/?video_id=B0zDjStT1mg</link>
<thumbnail>https://yt3.ggpht.com/-b-RsqDVfnKA/AAAAAAAAAAI/AAAAAAAAAAA/inzrLSRPB-o/s88-c-k-no/photo.jpg</thumbnail>
</item>
<item>
<title>Python Bài 16 - Đọc và ghi file - Ôn tập</title>
<link>plugin://plugin.video.youtube/play/?video_id=2dsdJNfa9Z8</link>
<thumbnail>https://yt3.ggpht.com/-b-RsqDVfnKA/AAAAAAAAAAI/AAAAAAAAAAA/inzrLSRPB-o/s88-c-k-no/photo.jpg</thumbnail>
</item>
<item>
<title>Python Bài 17 - Tiếp tục về files</title>
<link>plugin://plugin.video.youtube/play/?video_id=3WhMEB69zns</link>
<thumbnail>https://yt3.ggpht.com/-b-RsqDVfnKA/AAAAAAAAAAI/AAAAAAAAAAA/inzrLSRPB-o/s88-c-k-no/photo.jpg</thumbnail>
</item>
<item>
<title>Python Bài 17 - Tiếp tục về files - Ôn tập</title>
<link>plugin://plugin.video.youtube/play/?video_id=sdHojoS2smc</link>
<thumbnail>https://yt3.ggpht.com/-b-RsqDVfnKA/AAAAAAAAAAI/AAAAAAAAAAA/inzrLSRPB-o/s88-c-k-no/photo.jpg</thumbnail>
</item>
<item>
<title>Python bài 18 - Tên, biến, code và hàm</title>
<link>plugin://plugin.video.youtube/play/?video_id=sMLb6uhNEtU</link>
<thumbnail>https://yt3.ggpht.com/-b-RsqDVfnKA/AAAAAAAAAAI/AAAAAAAAAAA/inzrLSRPB-o/s88-c-k-no/photo.jpg</thumbnail>
</item>
<item>
<title>Python Bài 18 - Tên, biến, code và hàm - Ôn tập</title>
<link>plugin://plugin.video.youtube/play/?video_id=bETeAi8CZdM</link>
<thumbnail>https://yt3.ggpht.com/-b-RsqDVfnKA/AAAAAAAAAAI/AAAAAAAAAAA/inzrLSRPB-o/s88-c-k-no/photo.jpg</thumbnail>
</item>
<item>
<title>Python Bài 19 - Hàm và Biến</title>
<link>plugin://plugin.video.youtube/play/?video_id=wVffaCJ6SQM</link>
<thumbnail>https://yt3.ggpht.com/-b-RsqDVfnKA/AAAAAAAAAAI/AAAAAAAAAAA/inzrLSRPB-o/s88-c-k-no/photo.jpg</thumbnail>
</item>
<item>
<title>Python Bài 19 - Hàm và Biến - Ôn tập</title>
<link>plugin://plugin.video.youtube/play/?video_id=d6t4Q-Aj-2k</link>
<thumbnail>https://yt3.ggpht.com/-b-RsqDVfnKA/AAAAAAAAAAI/AAAAAAAAAAA/inzrLSRPB-o/s88-c-k-no/photo.jpg</thumbnail>
</item>
<item>
<title>Python Bài 20 - Hàm và file</title>
<link>plugin://plugin.video.youtube/play/?video_id=flYbSavd-Bo</link>
<thumbnail>https://yt3.ggpht.com/-b-RsqDVfnKA/AAAAAAAAAAI/AAAAAAAAAAA/inzrLSRPB-o/s88-c-k-no/photo.jpg</thumbnail>
</item>
<item>
<title>Python Bài 20 - Hàm và file - Ôn tập</title>
<link>plugin://plugin.video.youtube/play/?video_id=6hb73uHpokw</link>
<thumbnail>https://yt3.ggpht.com/-b-RsqDVfnKA/AAAAAAAAAAI/AAAAAAAAAAA/inzrLSRPB-o/s88-c-k-no/photo.jpg</thumbnail>
</item>
<item>
<title>Python Bài 21 - Hàm có thể trả về giá trị</title>
<link>plugin://plugin.video.youtube/play/?video_id=UGUj91vuzew</link>
<thumbnail>https://yt3.ggpht.com/-b-RsqDVfnKA/AAAAAAAAAAI/AAAAAAAAAAA/inzrLSRPB-o/s88-c-k-no/photo.jpg</thumbnail>
</item>
<item>
<title>Python Bài 21 - Hàm có thể trả về giá trị - Ôn tập</title>
<link>plugin://plugin.video.youtube/play/?video_id=Kqpetq7o_OY</link>
<thumbnail>https://yt3.ggpht.com/-b-RsqDVfnKA/AAAAAAAAAAI/AAAAAAAAAAA/inzrLSRPB-o/s88-c-k-no/photo.jpg</thumbnail>
</item>
</items>
</channel>

<channel>
<name>REGEX Tutorial Regular Expressions by Derek Banas</name>
<thumbnail>https://yt3.ggpht.com/-SN1RQ4kN5bM/AAAAAAAAAAI/AAAAAAAAAAA/T39gSKk4e2g/s100-c-k-no/photo.jpg</thumbnail>
<items>
<item>
<title>REGEX Tutorial Regular Expressions - part 1</title>
<link>plugin://plugin.video.youtube/play/?video_id=DRR9fOXkfRE</link>
<thumbnail>https://yt3.ggpht.com/-SN1RQ4kN5bM/AAAAAAAAAAI/AAAAAAAAAAA/T39gSKk4e2g/s100-c-k-no/photo.jpg</thumbnail>
</item>
<item>
<title>REGEX Tutorial Regular Expressions - part 2</title>
<link>plugin://plugin.video.youtube/play/?video_id=FCFdgymqpUI</link>
<thumbnail>https://yt3.ggpht.com/-SN1RQ4kN5bM/AAAAAAAAAAI/AAAAAAAAAAA/T39gSKk4e2g/s100-c-k-no/photo.jpg</thumbnail>
</item>
<item>
<title>REGEX Tutorial Regular Expressions - part 3</title>
<link>plugin://plugin.video.youtube/play/?video_id=lvGtejG69zg</link>
<thumbnail>https://yt3.ggpht.com/-SN1RQ4kN5bM/AAAAAAAAAAI/AAAAAAAAAAA/T39gSKk4e2g/s100-c-k-no/photo.jpg</thumbnail>
</item>
</items>
</channel>

<channel>
<name>Python 2.7 Tutorial by Derek Banas</name>
<thumbnail>https://yt3.ggpht.com/-SN1RQ4kN5bM/AAAAAAAAAAI/AAAAAAAAAAA/T39gSKk4e2g/s100-c-k-no/photo.jpg</thumbnail>
<items>
<item>
<title>Python 2.7 Tutorial - part 1</title>
<link>plugin://plugin.video.youtube/play/?video_id=UQi-L-_chcc</link>
<thumbnail>https://yt3.ggpht.com/-SN1RQ4kN5bM/AAAAAAAAAAI/AAAAAAAAAAA/T39gSKk4e2g/s100-c-k-no/photo.jpg</thumbnail>
</item>
<item>
<title>Python 2.7 Tutorial - part 2</title>
<link>plugin://plugin.video.youtube/play/?video_id=OHydo5znDE0</link>
<thumbnail>https://yt3.ggpht.com/-SN1RQ4kN5bM/AAAAAAAAAAI/AAAAAAAAAAA/T39gSKk4e2g/s100-c-k-no/photo.jpg</thumbnail>
</item>
<item>
<title>Python 2.7 Tutorial - part 3</title>
<link>plugin://plugin.video.youtube/play/?video_id=5uf6wGL8B7g</link>
<thumbnail>https://yt3.ggpht.com/-SN1RQ4kN5bM/AAAAAAAAAAI/AAAAAAAAAAA/T39gSKk4e2g/s100-c-k-no/photo.jpg</thumbnail>
</item>
<item>
<title>Python 2.7 Tutorial - part 4</title>
<link>plugin://plugin.video.youtube/play/?video_id=TXYtFZIMkqc</link>
<thumbnail>https://yt3.ggpht.com/-SN1RQ4kN5bM/AAAAAAAAAAI/AAAAAAAAAAA/T39gSKk4e2g/s100-c-k-no/photo.jpg</thumbnail>
</item>
<item>
<title>Python 2.7 Tutorial - part 5</title>
<link>plugin://plugin.video.youtube/play/?video_id=SEP9lOclPik</link>
<thumbnail>https://yt3.ggpht.com/-SN1RQ4kN5bM/AAAAAAAAAAI/AAAAAAAAAAA/T39gSKk4e2g/s100-c-k-no/photo.jpg</thumbnail>
</item>
<item>
<title>Python 2.7 Tutorial - part 6</title>
<link>plugin://plugin.video.youtube/play/?video_id=Xa7Z-dATK-A</link>
<thumbnail>https://yt3.ggpht.com/-SN1RQ4kN5bM/AAAAAAAAAAI/AAAAAAAAAAA/T39gSKk4e2g/s100-c-k-no/photo.jpg</thumbnail>
</item>
<item>
<title>Python 2.7 Tutorial - part 7</title>
<link>plugin://plugin.video.youtube/play/?video_id=9MnXDaIQEqg</link>
<thumbnail>https://yt3.ggpht.com/-SN1RQ4kN5bM/AAAAAAAAAAI/AAAAAAAAAAA/T39gSKk4e2g/s100-c-k-no/photo.jpg</thumbnail>
</item>
<item>
<title>Python 2.7 Tutorial - part 8</title>
<link>plugin://plugin.video.youtube/play/?video_id=eTWuawfXwcY</link>
<thumbnail>https://yt3.ggpht.com/-SN1RQ4kN5bM/AAAAAAAAAAI/AAAAAAAAAAA/T39gSKk4e2g/s100-c-k-no/photo.jpg</thumbnail>
</item>
<item>
<title>Python 2.7 Tutorial - part 9</title>
<link>plugin://plugin.video.youtube/play/?video_id=oGG1RDKceL4</link>
<thumbnail>https://yt3.ggpht.com/-SN1RQ4kN5bM/AAAAAAAAAAI/AAAAAAAAAAA/T39gSKk4e2g/s100-c-k-no/photo.jpg</thumbnail>
</item>
<item>
<title>Python 2.7 Tutorial - part 10</title>
<link>plugin://plugin.video.youtube/play/?video_id=pPNMaafA07c</link>
<thumbnail>https://yt3.ggpht.com/-SN1RQ4kN5bM/AAAAAAAAAAI/AAAAAAAAAAA/T39gSKk4e2g/s100-c-k-no/photo.jpg</thumbnail>
</item>
<item>
<title>Python 2.7 Tutorial - part 11</title>
<link>plugin://plugin.video.youtube/play/?video_id=euWPfjhaAts</link>
<thumbnail>https://yt3.ggpht.com/-SN1RQ4kN5bM/AAAAAAAAAAI/AAAAAAAAAAA/T39gSKk4e2g/s100-c-k-no/photo.jpg</thumbnail>
</item>
<item>
<title>Python 2.7 Tutorial - part 12</title>
<link>plugin://plugin.video.youtube/play/?video_id=Ll_ufNL5rDA</link>
<thumbnail>https://yt3.ggpht.com/-SN1RQ4kN5bM/AAAAAAAAAAI/AAAAAAAAAAA/T39gSKk4e2g/s100-c-k-no/photo.jpg</thumbnail>
</item>
<item>
<title>Python 2.7 Tutorial - part 13</title>
<link>plugin://plugin.video.youtube/play/?video_id=Ap_DlSrT-iE</link>
<thumbnail>https://yt3.ggpht.com/-SN1RQ4kN5bM/AAAAAAAAAAI/AAAAAAAAAAA/T39gSKk4e2g/s100-c-k-no/photo.jpg</thumbnail>
</item>
<item>
<title>Python 2.7 Tutorial - part 14</title>
<link>plugin://plugin.video.youtube/play/?video_id=Ap_DlSrT-iE</link>
<thumbnail>https://yt3.ggpht.com/-SN1RQ4kN5bM/AAAAAAAAAAI/AAAAAAAAAAA/T39gSKk4e2g/s100-c-k-no/photo.jpg</thumbnail>
</item>
<item>
<title>Python 2.7 Tutorial - part 15</title>
<link>plugin://plugin.video.youtube/play/?video_id=uh6AdDX7K7U</link>
<thumbnail>https://yt3.ggpht.com/-SN1RQ4kN5bM/AAAAAAAAAAI/AAAAAAAAAAA/T39gSKk4e2g/s100-c-k-no/photo.jpg</thumbnail>
</item>
<item>
<title>Python 2.7 Tutorial - part 16</title>
<link>plugin://plugin.video.youtube/play/?video_id=kekZZDz99PY</link>
<thumbnail>https://yt3.ggpht.com/-SN1RQ4kN5bM/AAAAAAAAAAI/AAAAAAAAAAA/T39gSKk4e2g/s100-c-k-no/photo.jpg</thumbnail>
</item>
<item>
<title>Python 2.7 Tutorial - part 17</title>
<link>plugin://plugin.video.youtube/play/?video_id=z8iXhhlYcH8</link>
<thumbnail>https://yt3.ggpht.com/-SN1RQ4kN5bM/AAAAAAAAAAI/AAAAAAAAAAA/T39gSKk4e2g/s100-c-k-no/photo.jpg</thumbnail>
</item>
<item>
<title>Python 2.7 Tutorial - part 18</title>
<link>plugin://plugin.video.youtube/play/?video_id=c3M1Ei-hYC4</link>
<thumbnail>https://yt3.ggpht.com/-SN1RQ4kN5bM/AAAAAAAAAAI/AAAAAAAAAAA/T39gSKk4e2g/s100-c-k-no/photo.jpg</thumbnail>
</item>
</items>
</channel>

<channel>
<name>Python How to Program by Derek Banas</name>
<thumbnail>https://yt3.ggpht.com/-SN1RQ4kN5bM/AAAAAAAAAAI/AAAAAAAAAAA/T39gSKk4e2g/s100-c-k-no/photo.jpg</thumbnail>
<items>
<item>
<title>Python How to Program - part 1</title>
<link>plugin://plugin.video.youtube/play/?video_id=fdv1NlEZWro</link>
<thumbnail>https://yt3.ggpht.com/-SN1RQ4kN5bM/AAAAAAAAAAI/AAAAAAAAAAA/T39gSKk4e2g/s100-c-k-no/photo.jpg</thumbnail>
</item>
<item>
<title>Python How to Program - part 2</title>
<link>plugin://plugin.video.youtube/play/?video_id=nV7f_FgZJIA</link>
<thumbnail>https://yt3.ggpht.com/-SN1RQ4kN5bM/AAAAAAAAAAI/AAAAAAAAAAA/T39gSKk4e2g/s100-c-k-no/photo.jpg</thumbnail>
</item>
<item>
<title>Python How to Program - part 3</title>
<link>plugin://plugin.video.youtube/play/?video_id=Xp6XrU-H7ig</link>
<thumbnail>https://yt3.ggpht.com/-SN1RQ4kN5bM/AAAAAAAAAAI/AAAAAAAAAAA/T39gSKk4e2g/s100-c-k-no/photo.jpg</thumbnail>
</item>
<item>
<title>Python How to Program - part 4</title>
<link>plugin://plugin.video.youtube/play/?video_id=YiLiCxq1QX8</link>
<thumbnail>https://yt3.ggpht.com/-SN1RQ4kN5bM/AAAAAAAAAAI/AAAAAAAAAAA/T39gSKk4e2g/s100-c-k-no/photo.jpg</thumbnail>
</item>
<item>
<title>Python How to Program - part 5</title>
<link>plugin://plugin.video.youtube/play/?video_id=Z-HpXbhVuGo</link>
<thumbnail>https://yt3.ggpht.com/-SN1RQ4kN5bM/AAAAAAAAAAI/AAAAAAAAAAA/T39gSKk4e2g/s100-c-k-no/photo.jpg</thumbnail>
</item>
<item>
<title>Python How to Program - part 6</title>
<link>plugin://plugin.video.youtube/play/?video_id=pF7xdh4DW-o</link>
<thumbnail>https://yt3.ggpht.com/-SN1RQ4kN5bM/AAAAAAAAAAI/AAAAAAAAAAA/T39gSKk4e2g/s100-c-k-no/photo.jpg</thumbnail>
</item>
<item>
<title>Python How to Program - part 7</title>
<link>plugin://plugin.video.youtube/play/?video_id=L-BePDdwvmA</link>
<thumbnail>https://yt3.ggpht.com/-SN1RQ4kN5bM/AAAAAAAAAAI/AAAAAAAAAAA/T39gSKk4e2g/s100-c-k-no/photo.jpg</thumbnail>
</item>
</items>
</channel>

<channel>
<name>Python Web Scraping Tutorial by Chris Reeves</name>
<thumbnail>https://yt3.ggpht.com/-4pexZ6zpJSM/AAAAAAAAAAI/AAAAAAAAAAA/Zy9kv4Ffrq4/s100-c-k-no/photo.jpg</thumbnail>
<items>
<item>
<title>Python Web Scraping Tutorial - part 1 (Intro To Web Scraping)</title>
<link>plugin://plugin.video.youtube/play/?video_id=E7wB__M9fdw</link>
<thumbnail>https://yt3.ggpht.com/-4pexZ6zpJSM/AAAAAAAAAAI/AAAAAAAAAAA/Zy9kv4Ffrq4/s100-c-k-no/photo.jpg</thumbnail>
</item>
<item>
<title>Python Web Scraping Tutorial - part 2 (Getting Page Source)</title>
<link>plugin://plugin.video.youtube/play/?video_id=kPhZDsJUXic</link>
<thumbnail>https://yt3.ggpht.com/-4pexZ6zpJSM/AAAAAAAAAAI/AAAAAAAAAAA/Zy9kv4Ffrq4/s100-c-k-no/photo.jpg</thumbnail>
</item>
<item>
<title>Python Web Scraping Tutorial - part 3 (Downloading Stock Data) </title>
<link>plugin://plugin.video.youtube/play/?video_id=f2h41uEi0xU</link>
<thumbnail>https://yt3.ggpht.com/-4pexZ6zpJSM/AAAAAAAAAAI/AAAAAAAAAAA/Zy9kv4Ffrq4/s100-c-k-no/photo.jpg</thumbnail>
</item>
<item>
<title>Python Web Scraping Tutorial - part 4 (Downloading Every Stock Price)</title>
<link>plugin://plugin.video.youtube/play/?video_id=Mjjt__c4syY</link>
<thumbnail>https://yt3.ggpht.com/-4pexZ6zpJSM/AAAAAAAAAAI/AAAAAAAAAAA/Zy9kv4Ffrq4/s100-c-k-no/photo.jpg</thumbnail>
</item>
<item>
<title>Python Web Scraping Tutorial - part 5 (Network Requests)</title>
<link>plugin://plugin.video.youtube/play/?video_id=5FoSwMZ4uJg</link>
<thumbnail>https://yt3.ggpht.com/-4pexZ6zpJSM/AAAAAAAAAAI/AAAAAAAAAAA/Zy9kv4Ffrq4/s100-c-k-no/photo.jpg</thumbnail>
</item>
<item>
<title>Python Web Scraping Tutorial - part 6 (Json Response)</title>
<link>plugin://plugin.video.youtube/play/?video_id=qbEN3boz7_M</link>
<thumbnail>https://yt3.ggpht.com/-4pexZ6zpJSM/AAAAAAAAAAI/AAAAAAAAAAA/Zy9kv4Ffrq4/s100-c-k-no/photo.jpg</thumbnail>
</item>
<item>
<title>Python Web Scraping Tutorial - part 7 (Getting 1 Minute Stock Data)</title>
<link>plugin://plugin.video.youtube/play/?video_id=1RZRxJPVAC8</link>
<thumbnail>https://yt3.ggpht.com/-4pexZ6zpJSM/AAAAAAAAAAI/AAAAAAAAAAA/Zy9kv4Ffrq4/s100-c-k-no/photo.jpg</thumbnail>
</item>
<item>
<title>Python Web Scraping Tutorial - part 8 (Free Stock Data)</title>
<link>plugin://plugin.video.youtube/play/?video_id=5-OWLYyHUR0</link>
<thumbnail>https://yt3.ggpht.com/-4pexZ6zpJSM/AAAAAAAAAAI/AAAAAAAAAAA/Zy9kv4Ffrq4/s100-c-k-no/photo.jpg</thumbnail>
</item>
</items>
</channel>

<channel>
<name>Beautiful Soup</name>
<thumbnail></thumbnail>
<items>
<item>
<title>Scrape Websites with Python + Beautiful Soup 4 + Requests -- Coding with Python</title>
<link>plugin://plugin.video.youtube/play/?video_id=3xQTJi2tqgk</link>
<thumbnail>https://yt3.ggpht.com/-BqCLriRx_j4/AAAAAAAAAAI/AAAAAAAAAAA/2jA_bOX7V8c/s88-c-k-no/photo.jpg</thumbnail>
</item>
<item>
<title>Parsing With Python's BeautifulSoup</title>
<link>plugin://plugin.video.youtube/play/?video_id=keefYknSbt4</link>
<thumbnail>https://yt3.ggpht.com/-NxYAtLvpIzI/AAAAAAAAAAI/AAAAAAAAAAA/sQ5HRbcBBjQ/s88-c-k-no/photo.jpg</thumbnail>
</item>
<item>
<title>BeautifulSoup: Web Scraping with Python. Part 1/3</title>
<link>plugin://plugin.video.youtube/play/?video_id=x9lXgsGxhVM</link>
<thumbnail>https://yt3.ggpht.com/-lJobmVkBQwU/AAAAAAAAAAI/AAAAAAAAAAA/kJPH4S0QEvM/s88-c-k-no/photo.jpg</thumbnail>
</item>
<item>
<title>BeautifulSoup: Web Scraping with Python. Part 2/3</title>
<link>plugin://plugin.video.youtube/play/?video_id=UgdW7lWEpJA</link>
<thumbnail>https://yt3.ggpht.com/-lJobmVkBQwU/AAAAAAAAAAI/AAAAAAAAAAA/kJPH4S0QEvM/s88-c-k-no/photo.jpg</thumbnail>
</item>
<item>
<title>BeautifulSoup: Web Scraping with Python. Part 3/3</title>
<link>plugin://plugin.video.youtube/play/?video_id=mGUSgNlCE5Q</link>
<thumbnail>https://yt3.ggpht.com/-lJobmVkBQwU/AAAAAAAAAAI/AAAAAAAAAAA/kJPH4S0QEvM/s88-c-k-no/photo.jpg</thumbnail>
</item>
</items>
</channel>

</channels>


