<?xml version="1.0" encoding="UTF-8" standalone="yes"?>
<addon id="plugin.program.m3u.xml.converter"
       name="*[COLOR yellow]M3U [COLOR cyan]XML [COLOR lime]Converter[/COLOR]"
       version="0.0.1"
       provider-name="DaveLN">
  <requires>
    <import addon="xbmc.python" version="2.1.0" optional="true" />
		<import addon="script.module.simplejson" />
		<import addon="script.module.t0mm0.common" version="1.1.0"/>				
  </requires>
  <extension point="xbmc.python.pluginsource"
            library="default.py">
        <provides>executable</provides>
  </extension>
  <extension point="xbmc.addon.metadata">
    <summary>Converter</summary>
    <description>M3U XML Playlist Converter</description>		
    <platform>all</platform>     
  </extension>
</addon>