<?xml version="1.0" encoding="UTF-8" standalone="yes"?>
<addon id="plugin.program.m3uAddonCreator"
       name="*XBMC/Kodi [COLOR cyan]Add-on Creator[/COLOR]"
       version="0.0.1"
       provider-name="DaveLN">
  <requires>
    <import addon="xbmc.python" version="2.1.0" optional="true" />				
  </requires>
  <extension point="xbmc.python.pluginsource"
            library="default.py">
        <provides>executable</provides>
  </extension>
  <extension point="xbmc.addon.metadata">
    <summary>[COLOR red]Addon Creator[/COLOR]</summary>
    <description>Addon Creator</description>		
    <platform>all</platform>     
  </extension>
</addon>