<?xml version="1.0" encoding="utf-8" standalone="yes"?>

<!-- Categories: nguoiviet.com -->

<stream>

<!------------ nguoiviet.com ----------------->

<item>
<title>nguoiviet.com - Tin Trong Ngày</title>
<link>http://video.nguoi-viet.com/?cat=3</link>
<thumbnail>nguoiviet.png</thumbnail>
</item>

<item>
<title>nguoiviet.com - Phóng Sự</title>
<link>http://video.nguoi-viet.com/?cat=4</link>
<thumbnail>nguoiviet.png</thumbnail>
</item>

<item>
<title>nguoiviet.com - Bình Luận Phỏng Vấn</title>
<link>http://video.nguoi-viet.com/?cat=24</link>
<thumbnail>nguoiviet.png</thumbnail>
</item>

<item>
<title>nguoiviet.com - Văn Nghệ Giải Trí</title>
<link>http://video.nguoi-viet.com/?cat=8</link>
<thumbnail>nguoiviet.png</thumbnail>
</item>

<item>
<title>nguoiviet.com - Học Việt Ngữ</title>
<link>http://video.nguoi-viet.com/?cat=31</link>
<thumbnail>nguoiviet.png</thumbnail>
</item>

<item>
<title>nguoiviet.com - Du Lịch</title>
<link>http://video.nguoi-viet.com/?cat=25</link>
<thumbnail>nguoiviet.png</thumbnail>
</item>

<item>
<title>nguoiviet.com - Thương Mại Đó Đây</title>
<link>http://video.nguoi-viet.com/?cat=9</link>
<thumbnail>nguoiviet.png</thumbnail>
</item>

<item>
<title>nguoiviet.com - Bình Luận</title>
<link>http://video.nguoi-viet.com/?cat=5</link>
<thumbnail>nguoiviet.png</thumbnail>
</item>

<item>
<title>nguoiviet.com - Giờ Giải Ảo</title>
<link>http://video.nguoi-viet.com/?cat=20</link>
<thumbnail>nguoiviet.png</thumbnail>
</item>

<item>
<title>nguoiviet.com - Quê Nhà Quê Người</title>
<link>http://video.nguoi-viet.com/?cat=21</link>
<thumbnail>nguoiviet.png</thumbnail>
</item>

<item>
<title>nguoiviet.com - Y tế Sức Khoẻ</title>
<link>http://video.nguoi-viet.com/?cat=23</link>
<thumbnail>nguoiviet.png</thumbnail>
</item>

<item>
<title>nguoiviet.com - Kết Nối Tin Tức</title>
<link>http://video.nguoi-viet.com/?cat=6</link>
<thumbnail>nguoiviet.png</thumbnail>
</item>

<item>
<title>nguoiviet.com - Xem Nhiều Nhất</title>
<link>http://video.nguoi-viet.com/?page_id=6&orderby=views</link>
<thumbnail>nguoiviet.png</thumbnail>
</item>

</stream>
