<?xml version="1.0" encoding="UTF-8" standalone="yes"?>
<addon id="plugin.program.addonCreator"
       name="*XBMC/Kodi [COLOR cyan]Add-on Creator[/COLOR]"
       version="0.0.1"
       provider-name="DaveLN">
  <requires>
    <import addon="xbmc.python" version="2.1.0" optional="true" />				
  </requires>
  <extension point="xbmc.python.pluginsource"
            library="default.py">
        <provides>executable</provides>
  </extension>
  <extension point="xbmc.addon.metadata">
    <summary>[COLOR magenta]XBMC/Kodi add-on creator[/COLOR]</summary>
    <description>
[COLOR yellow]Use this add-on creator to make your own XBMC/Kodi addons from M3U and/or XML [B][COLOR red](NO REGEX)[/B][COLOR yellow] playlists containing [B][COLOR red]direct links[/B]

[COLOR lime]Dùng addon creator này chung với danh sách M3U và/hoặc XML (NO REGEX) chứa các links trực tiếp để tạo ra các XBMC/Kodi addons theo sở thích.[/COLOR]
	</description>		
    <platform>all</platform>     
  </extension>
</addon>