<settings>
  <category label="Add Source">
    <setting id="choose_xml_source" type="enum" values="Choose File|Enter URL" label="Choose XML Source Type" default=""/>
    <setting id="xml_file_source" type="file" source="files" label="Choose XML File" default="" visible="eq(-1,0)"/>
    <setting id="xml_url_source" type="text" label="Add URL to XML" default="" visible="eq(-2,1)"/>
    <setting type="sep" />
    <setting id="choose_m3u_source" type="enum" values="Choose File|Enter URL" label="Choose M3U Source Type" default=""/>
    <setting id="m3u_file_source" type="file" source="files" label="Choose M3U File" default="" visible="eq(-1,0)"/>
    <setting id="m3u_url_source" type="text" label="Add URL to M3U" default="" visible="eq(-2,1)"/>	
    <setting type="sep" />	
    <setting type="action" label="Add Source" option="close" action="RunPlugin(plugin://plugin.video.nettivi/?mode=30)" />
    <setting type="sep" />
  </category>
</settings>