<?xml version="1.0" encoding="utf-8" standalone="yes"?>

<stream>

<item>
<title>[COLOR cyan]XML PLAYLIST[COLOR magenta] ***** [COLOR cyan]XML CỦA TUI [COLOR white][B] (NO REGEX)[/B][/COLOR]</title>
<link>NoRedirect</link>
<thumbnail>myxml.png</thumbnail>
<mode>31</mode>
</item>

<item>
<title>[COLOR yellow]M3U PLAYLIST[COLOR magenta] ***** [COLOR yellow]MY OWN CHANNELS[/COLOR]</title>
<link>NoRedirect</link>
<thumbnail>mym3u.png</thumbnail>
<mode>31</mode>
</item>

<item>
<title>[COLOR orange]TV[COLOR magenta] + [COLOR orange]Âm Nhạc[COLOR magenta] + [COLOR orange]Radio Tổng Hợp[/COLOR]</title>
<link>https://raw.githubusercontent.com/daveln/repository.daveln/master/playlists/my_tv.xml</link>
<thumbnail>tv.png</thumbnail>
<mode>1</mode>
</item>

<item>
<title>[COLOR blue]TV Tổng Hợp[COLOR magenta] - [COLOR blue]thanh51's playlists[/COLOR]</title>
<link>NoRedirect</link>
<thumbnail>thanh51.png</thumbnail>
<mode>11</mode>
</item>

<item>
<title>[COLOR lightblue]Live TV[COLOR magenta] - [COLOR lightblue]Links posted by ATF01[/COLOR]</title>
<link>https://raw.githubusercontent.com/daveln/repository.daveln/master/playlists/ATF01.m3u</link>
<thumbnail>atf01.png</thumbnail>
<mode>21</mode>
</item>

<item>
<title>[COLOR lime]HTVOnline[COLOR magenta] - [COLOR lime]HPLUS[/COLOR]</title>
<link>http://hplus.com.vn/vi/categories/live-tv</link>
<thumbnail>tv.png</thumbnail>
<mode>3</mode>
</item>

<item>
<title>[COLOR lime]Replay[COLOR magenta] - [COLOR lime]TV chiếu lại[/COLOR]</title>
<link>http://103.31.126.20/tvcatchup/</link>
<thumbnail>tv.png</thumbnail>
<mode>3</mode>
</item>

<item>
<title>[COLOR lime]TV Tổng Hợp[/COLOR]</title>
<link>http://tv.anluong.info/</link>
<thumbnail>tv.png</thumbnail>
<mode>3</mode>
</item>

<item>
<title>[COLOR lime]TV Việt[/COLOR]</title>
<link>http://tv.vnn.vn/</link>
<thumbnail>tv.png</thumbnail>
<mode>3</mode>
</item>

</stream>


