<?xml version="1.0" encoding="UTF-8" standalone="yes"?>
<addon id="plugin.video.netplaylists"
       name="*netplaylists"
       version="1.0.0"
       provider-name="DaveLN">
  <requires>
    <import addon="xbmc.python" version="2.14.0" optional="true" />				
  </requires>
  <extension point="xbmc.python.pluginsource"
            library="default.py">
        <provides>video</provides>
  </extension>
  <extension point="xbmc.addon.metadata">
    <summary>Videos</summary>
    <description>Watch videos from playlists.</description>	
	<disclaimer lang="en">
[COLOR lime]The streaming media are pulled from online provider(s). 
[COLOR red]These streams do not represent my views or opinions in any way.[/COLOR]</disclaimer>		
    <platform>all</platform>
  </extension>
</addon>