<?xml version="1.0" encoding="UTF-8" standalone="yes"?>
<addon id="plugin.video.netmedia"
       name="*netmedia"
       version="1.0.5"
       provider-name="DaveLN">
  <requires>
    <import addon="xbmc.python" version="2.1.0" optional="true" />
		<import addon="script.module.simplejson" />
		<import addon="script.module.t0mm0.common" version="1.1.0"/>				
  </requires>
  <extension point="xbmc.python.pluginsource"
            library="default.py">
        <provides>video</provides>
  </extension>
  <extension point="xbmc.addon.metadata">
    <summary>Videos and audio from various websites</summary>
    <description>Watch videos and listen to audio from many sources. </description>	
	<disclaimer lang="en">
[COLOR lime]The streaming media are pulled from online provider(s). 
[COLOR red]These streams do not represent my views or opinions in any way.[/COLOR]</disclaimer>		
    <platform>all</platform>
		<license>http://www.gnu.org/licenses/</license>
		<forum></forum>
		<website>http://www.youtube.com/</website>
		<website>http://www.dailymotion.com/</website>    
		<email></email>
		<mainsource>https://github.com/daveln/repository.daveln</mainsource>    
		<source>https://github.com/bromix/plugin.video.youtube</source>
		<source>http://ftp.vim.org/pub/pub/mediaplayer/xbmc/addons/frodo/plugin.video.youtube/</source> 
		<source>https://github.com/AddonScriptorDE/plugin.video.dailymotion_com</source>     
  </extension>
</addon>