<?xml version="1.0" encoding="UTF-8" standalone="yes"?>
<addon id="plugin.video.netmedia"
       name="*netmedia"
       version="1.0.3"
       provider-name="DaveLN">
  <requires>
        <import addon="xbmc.python" version="2.1.0" optional="true" />
		<import addon="script.module.simplejson" />
		<import addon="script.module.t0mm0.common" version="1.1.0"/>		
		<import addon="plugin.video.youtube" version="5.0.0"/>
		<import addon="plugin.video.dailymotion_com" version="2.1.2"/>			
  </requires>
  <extension point="xbmc.python.pluginsource"
            library="default.py">
        <provides>video</provides>
  </extension>
  <extension point="xbmc.addon.metadata">
    <summary>Videos and audio from various websites</summary>
    <description>Watch videos and listen to audio from many sources. </description>	
	<disclaimer lang="en">
[COLOR lime]The streaming media are pulled from online provider(s). 
[COLOR red]These streams do not represent my views or opinions in any way.[/COLOR]</disclaimer>		
    <platform>all</platform>
  </extension>
</addon>