<?xml version="1.0" encoding="UTF-8" standalone="yes"?>
<addon id="plugin.program.addonCreator"
       name="*XBMC/Kodi [COLOR cyan]Add-on Creator[/COLOR]"
       version="0.0.2"
       provider-name="DaveLN">
  <requires>
    <import addon="xbmc.python" version="2.1.0" optional="true" />				
  </requires>
  <extension point="xbmc.python.pluginsource"
            library="default.py">
        <provides>executable</provides>
  </extension>
  <extension point="xbmc.addon.metadata">
    <summary>XBMC/Kodi add-on creator</summary>
    <description>
Use this add-on creator together with m3u and/or xml playlists[B][COLOR red] (NO REGEX)[/B][COLOR white] containing [B][COLOR red]direct links[/B][COLOR white] to make your own favorite XBMC/Kodi addons.

[COLOR magenta]Dùng addon creator này chung với danh sách m3u và/hoặc xml (NO REGEX) chứa các links trực tiếp để tạo ra các XBMC/Kodi addons theo sở thích.[/COLOR]
	</description>		
    <platform>all</platform>     
  </extension>
</addon>