<?xml version="1.0" encoding="UTF-8" standalone="yes"?>
<addon id="plugin.program.addonCreator"
       name="*XBMC/Kodi [COLOR cyan]Add-on Creator[/COLOR]"
       version="0.0.5"
       provider-name="DaveLN">
  <requires>
    <import addon="xbmc.python" version="2.1.0" optional="true" />				
  </requires>
  <extension point="xbmc.python.pluginsource"
            library="default.py">
        <provides>executable</provides>
  </extension>
  <extension point="xbmc.addon.metadata">
    <summary>XBMC/Kodi add-on creator</summary>
    <description>
Use this add-on creator to make your own favorite XBMC/Kodi addons to use with[COLOR red][B] m3u and/or xml playlists (NO REGEX)[/B][/COLOR]

Dùng addon creator này để tạo các XBMC/Kodi addons theo sở thích dùng chung với[COLOR red][B] danh sách m3u và/hoặc xml (NO REGEX)[/B][/COLOR]
	</description>		
    <platform>all</platform>     
  </extension>
</addon>