<settings>
	<category label="[COLOR lime][B]M3U[/B][/COLOR]"> 
		<setting label="Name of plugin folder [COLOR red][B]NO COLOR ALLOWED[/B][/COLOR]" type="text"  id="m3u_name_of_plugin_folder" default="" />	
		<setting label="Name of addon" type="text"  id="m3u_name_of_addon" default="" />
		<setting label="Addon's version number. [COLOR red][B]Use numbers and dots only[/B][/COLOR]" type="text"  id="m3u_addon_version_number" default="0.0.1" />		
		<setting label="Addon's provider name" type="text"  id="m3u_provider_name" default="" />   
		<setting label="Enter text for addon's summary" type="text"  id="m3u_summary" default="" />	
		<setting label="Enter text to describe addon" type="text"  id="m3u_desc" default="" />
		<setting type="sep" />		
		<setting label="Local path to addon's [COLOR red][B]icon.png[/B][/COLOR]" type="file"  id="m3u_addon_icon" default="" /> 	
		<setting label="Local path to addon's [COLOR red][B]fanart.jpg[/B][/COLOR]" type="file"  id="m3u_addon_fanart" default="" />		
		<setting type="sep" />	
		<setting label="Local path to [COLOR red][B]m3u source file[/B][/COLOR]" type="file"  id="m3u_file" default="" />		
	</category>
	<category label="[COLOR yellow][B]XML[/B][/COLOR]"> 
		<setting label="Name of plugin folder [COLOR red][B]NO COLOR ALLOWED[/B][/COLOR]" type="text"  id="xml_name_of_plugin_folder" default="" />	
		<setting label="Name of addon" type="text"  id="xml_name_of_addon" default="" />
		<setting label="Addon's version number. [COLOR red][B]Use numbers and dots only[/B][/COLOR]" type="text"  id="xml_addon_version_number" default="0.0.1" />		
		<setting label="Addon's provider name" type="text"  id="xml_provider_name" default="" />   
		<setting label="Enter text for addon's summary" type="text"  id="xml_summary" default="" />	
		<setting label="Enter text to describe addon" type="text"  id="xml_desc" default="" />
		<setting type="sep" />		
		<setting label="Local path to addon's [COLOR red][B]icon.png[/B][/COLOR]" type="file"  id="xml_addon_icon" default="" /> 	
		<setting label="Local path to addon's [COLOR red][B]fanart.jpg[/B][/COLOR]" type="file"  id="xml_addon_fanart" default="" />		
		<setting type="sep" />	
		<setting label="Local path to [COLOR red][B]xml source file[/B][/COLOR]" type="file"  id="xml_file" default="" />		
	</category>		
</settings>