<?xml version="1.0" encoding="UTF-8" standalone="yes"?>
<addon id="plugin.program.m3u.xml.converter"
       name="*M3U XML [COLOR cyan]Converter[/COLOR]"
       version="0.0.6"
       provider-name="DaveLN">
  <requires>
    <import addon="xbmc.python" version="2.1.0" optional="true" />
		<import addon="script.module.simplejson" />
		<import addon="script.module.t0mm0.common" version="1.1.0"/>				
  </requires>
  <extension point="xbmc.python.pluginsource"
            library="default.py">
        <provides>executable</provides>
  </extension>
  <extension point="xbmc.addon.metadata">
    <summary>Converter</summary>
    <description>
Use this add-on to convert M3U (VietSimpleTV M3U format included) to XML Playlist and vice versa.
It will ignore XML with regex.

Dùng add-on này để chuyển đổi M3U (bao gồm cả dạng M3U của VietSimpleTV) sang XML playlist và ngược lại.
Add-on này sẽ bỏ qua và không chuyển đổi XML dùng regex.</description>		
    <platform>all</platform>     
  </extension>
</addon>