<?xml version="1.0" encoding="UTF-8" standalone="yes"?>
<addon id="plugin.program.m3uAddonZipFileCreator4Win7"
       name="*XBMC/Kodi [COLOR cyan]Add-on [COLOR red][B]Zip File[/B] [COLOR cyan]Creator [COLOR red][B]- for Win 7 only[/B][/COLOR]"
       version="0.0.1"
       provider-name="DaveLN">
  <requires>
    <import addon="xbmc.python" version="2.1.0" optional="true" />				
  </requires>
  <extension point="xbmc.python.pluginsource"
            library="default.py">
        <provides>executable</provides>
  </extension>
  <extension point="xbmc.addon.metadata">
    <summary>[COLOR red]Add-on Zip File Creator[/COLOR]</summary>
    <description>Create Add-on Zip File</description>		
    <platform>all</platform>     
  </extension>
</addon>