<item>
<title>Cô Nàng Lắm Chiêu - Cunning Single Lady - 2014 - Thuyết Minh ( 16 Tập)</title>
<link>http://server3.dangcaphd.com/p4R4cDQnzcUagcNa/phimbo2014/CoNangLamChieu/CoNangLamChieu.2014.EP01.mp4</link>
<thumbnail>http://media.dangcaphd.com/public/0164d153f7ebd148b0471d425cb3d67a_thumb.jpg</thumbnail>
</item>

<item>
<title>Wild Arabia Season 1 - Miền Hoan Dã - 2013</title>
<link>http://server2.dangcaphd.com/3ZKc7Af3BGZrgWSrNggs/Phim%20Bo/Wild%20Arabia/WildArabiaS01E01Sand_WindandStars2013.mp4</link>
<thumbnail>http://media.dangcaphd.com/public/dfb684b0790efa54d492d62c7914e9ce_thumb.jpg</thumbnail>
</item>

<item>
<title>Tiger Cubs 2 - Phi Hổ 2 - 2014 ( 13/13 Tập)</title>
<link>http://server3.dangcaphd.com/p4R4cDQnzcUagcNa/phimbo2014/TigerCubsII(TM)/Tiger.Cubs.II.01.mp4</link>
<thumbnail>http://media.dangcaphd.com/public/41282b0f9b4f7b472183b2a0dbe5ee85_thumb.jpg</thumbnail>
</item>

<item>
<title>Trung Gian Nhân - 2014 - Thuyết Minh ( 30/30 Tập )</title>
<link>http://server3.dangcaphd.com/p4R4cDQnzcUagcNa/phimbo2014/TVBTrungGianNhan/TVB.Trung.Gian.Nhan.Ep01.mp4</link>
<thumbnail>http://media.dangcaphd.com/public/144037a03341c50c128c565ac9dcd2f6_thumb.jpg</thumbnail>
</item>

<item>
<title>Tiger Cubs - Đội Phi Hổ - 2012 - Thuyết Minh( 13/13 Tập )</title>
<link>http://server3.dangcaphd.com/p4R4cDQnzcUagcNa/phimbo2014/TigerCubs(TM)/Tiger.Cubs.I.EP01.mp4</link>
<thumbnail>http://media.dangcaphd.com/public/743c6acf7bf146619453d261b207d9e9_thumb.jpg</thumbnail>
</item>

<item>
<title>Let's Eat - Thực Thần - 2014 - Thuyết Minh ( 16 / 16 Tập )</title>
<link>http://server3.dangcaphd.com/p4R4cDQnzcUagcNa/phimbo2014/Let'sEat/Let's.Eat.EP01.mp4</link>
<thumbnail>http://media.dangcaphd.com/public/3bf55bd4efd74d99a849f1976d0fcde5_thumb.jpg</thumbnail>
</item>

<item>
<title>Beauty Maker - Chế Tạo Mỹ Nhân - 2014 ( 30/30 Tập)</title>
<link>http://server3.dangcaphd.com/p4R4cDQnzcUagcNa/phimbo2014/CheTaoMyNhan/Che.Tao.My.Nhan.01-muxed.mp4</link>
<thumbnail>http://media.dangcaphd.com/public/dcec7156b20a660aa156212c926e6f72_thumb.jpg</thumbnail>
</item>

<item>
<title>The 100 Season 2 - 100 Người  Phần 2 - 2014</title>
<link>http://server3.dangcaphd.com/p4R4cDQnzcUagcNa/phimbo2014/The100S02/The.100.S02E01.mp4</link>
<thumbnail>http://media.dangcaphd.com/public/c01d975cb20ed9e0bdba9b5a1847d961_thumb.jpg</thumbnail>
</item>

<item>
<title>Transporter The Series 2 - Người Vận Chuyển 2 - 2014</title>
<link>http://server3.dangcaphd.com/p4R4cDQnzcUagcNa/phimbo2014/transportertheseries2/transporter.the.series.s02e01.mp4</link>
<thumbnail>http://media.dangcaphd.com/public/9aa748523778e4e58a2e78e418a5f3b1_thumb.jpg</thumbnail>
</item>

<item>
<title>Liar Game Season 1 - Trò Chơi Dối Trá 1 - 2007</title>
<link>http://server3.dangcaphd.com/p4R4cDQnzcUagcNa/phimbo2014/LiarGame/Liar.Game.E01.mp4</link>
<thumbnail>http://media.dangcaphd.com/public/0e48722d2811e28c548bbfb9dce237ed_thumb.jpg</thumbnail>
</item>

<item>
<title>The Walking Dead Season 5 - Xác Sống 5 - 2014</title>
<link>http://server3.dangcaphd.com/p4R4cDQnzcUagcNa/phimbo2014/TheWalkingDead5/The.Walking.Dead.S05E01.mp4</link>
<thumbnail>http://media.dangcaphd.com/public/7ac998240e0258a2201a32330cbec742_thumb.jpg</thumbnail>
</item>

<item>
<title>Modern Farmer - Nông Dân Hiện Đại - 2014 (20/20 Tập)</title>
<link>http://server3.dangcaphd.com/p4R4cDQnzcUagcNa/phimbo2014/ModernFarmer/Modern.Farmer.E01.mp4</link>
<thumbnail>http://media.dangcaphd.com/public/c361699c5cb6a51a030bb6c2748d9150_thumb.jpg</thumbnail>
</item>

<item>
<title>Misaeng - Cuộc Sống Không Trọn Vẹn -  2014 ( 20/20 Tập)</title>
<link>http://server3.dangcaphd.com/p4R4cDQnzcUagcNa/phimbo2014/Misaeng/Misaeng.E01.mp4</link>
<thumbnail>http://media.dangcaphd.com/public/64ef70a8c76cc3cf64819aa5310fc7f3_thumb.jpg</thumbnail>
</item>

<item>
<title>Quản Gia Bí Ẩn - The Suspicious Housekeeper - 2013 ( 20/20 Tập)</title>
<link>http://server3.dangcaphd.com/p4R4cDQnzcUagcNa/phimbo2014/Nu.Quan.Gia.Bi.An/Nu.Quan.Gia.Bi.An.01-muxed.mp4</link>
<thumbnail>http://media.dangcaphd.com/public/51c61876dac0454481eb9055c42c623c_thumb.jpg</thumbnail>
</item>

<item>
<title>Aisa 30 - Dạ Vũ Quốc Tế 2</title>
<link>http://server3.dangcaphd.com/upload/Le/thuy%20nga%20asia/Asia.30_0_295.mp4</link>
<thumbnail>http://media.dangcaphd.com/public/a946e5238516fce68176233db091101c_thumb.jpg</thumbnail>
</item>

<item>
<title>Paris By Night 79</title>
<link>http://server3.dangcaphd.com/upload/Le/thuy%20nga%20asia/ParisByNight.79_1.mp4</link>
<thumbnail>http://media.dangcaphd.com/public/c6ce673032dd53cbfbe267c2d9daffad_thumb.jpg</thumbnail>
</item>

<item>
<title>Paris By Night 73</title>
<link>http://server3.dangcaphd.com/upload/Le/thuy%20nga%20asia/ParisByNight.73_1.mp4</link>
<thumbnail>http://media.dangcaphd.com/public/b6b747e62f34c67f81da76740431f10c_thumb.jpg</thumbnail>
</item>

<item>
<title>Paris By Night 70</title>
<link>http://server3.dangcaphd.com/upload/Le/thuy%20nga%20asia/ParisByNight.70_1.mp4</link>
<thumbnail>http://media.dangcaphd.com/public/f2c88c9c40df093b64363aee5fc392ec_thumb.jpg</thumbnail>
</item>

<item>
<title>Paris By Night 68</title>
<link>http://server3.dangcaphd.com/upload/Le/thuy%20nga%20asia/ParisByNight.68_1.mp4</link>
<thumbnail>http://media.dangcaphd.com/public/f3f270eea780a5b23d0b8ad8189c8dfc_thumb.jpg</thumbnail>
</item>

<item>
<title>Paris By Night 67</title>
<link>http://server3.dangcaphd.com/upload/Le/thuy%20nga%20asia/ParisByNight.67_1.mp4</link>
<thumbnail>http://media.dangcaphd.com/public/eb7e84d2d15e4c0152a2d4d220d65974_thumb.jpg</thumbnail>
</item>

<item>
<title>Paris By Night 66</title>
<link>http://server3.dangcaphd.com/upload/Le/thuy%20nga%20asia/ParisByNight.66_1.mp4</link>
<thumbnail>http://media.dangcaphd.com/public/79da498333e556f0468270337d64e514_thumb.jpg</thumbnail>
</item>

<item>
<title>Paris By Night 65</title>
<link>http://server3.dangcaphd.com/upload/Le/thuy%20nga%20asia/ParisByNight.65_1.mp4</link>
<thumbnail>http://media.dangcaphd.com/public/e42080e7b6ca41bbe23dd53dd3d28dbd_thumb.jpg</thumbnail>
</item>

<item>
<title>Paris By Night 64</title>
<link>http://server3.dangcaphd.com/upload/Le/thuy%20nga%20asia/ParisByNight.64_1.mp4</link>
<thumbnail>http://media.dangcaphd.com/public/f9ebc3b4a3bb542364c7311f2a2d4e6b_thumb.jpg</thumbnail>
</item>

<item>
<title>Paris By Night 62</title>
<link>http://server3.dangcaphd.com/upload/Le/thuy%20nga%20asia/ParisByNight.62_1.mp4</link>
<thumbnail>http://media.dangcaphd.com/public/06e729f2f23a8db39d1862c7dcafd1b1_thumb.jpg</thumbnail>
</item>

<item>
<title>Paris By Night 61</title>
<link>http://server3.dangcaphd.com/upload/Le/thuy%20nga%20asia/ParisByNight.61_1.mp4</link>
<thumbnail>http://media.dangcaphd.com/public/61bf0fad5f2036fada4b58537563e0b9_thumb.JPG</thumbnail>
</item>

<item>
<title>Paris By Night 60</title>
<link>http://server3.dangcaphd.com/upload/Le/thuy%20nga%20asia/ParisByNight.60_1.mp4</link>
<thumbnail>http://media.dangcaphd.com/public/40ee0db08a24563b272b50c9c0079709_thumb.jpg</thumbnail>
</item>

<item>
<title>Paris By Night 58</title>
<link>http://server3.dangcaphd.com/upload/Le/thuy%20nga%20asia/ParisByNight.58_1.mp4</link>
<thumbnail>http://media.dangcaphd.com/public/ec3cb19bec808709608064e6dfc88d12_thumb.jpg</thumbnail>
</item>

<item>
<title>Paris By Night 57</title>
<link>http://server3.dangcaphd.com/upload/Le/thuy%20nga%20asia/ParisByNight.57_1.mp4</link>
<thumbnail>http://media.dangcaphd.com/public/c276701b10493c68ad451839504fb7ec_thumb.jpg</thumbnail>
</item>

<item>
<title>Paris By Night 56</title>
<link>http://server3.dangcaphd.com/upload/Le/thuy%20nga%20asia/ParisByNight.56_1.mp4</link>
<thumbnail>http://media.dangcaphd.com/public/db4550bca123d759b25db568ff28e147_thumb.jpg</thumbnail>
</item>

<item>
<title>Paris By Night 55</title>
<link>http://server3.dangcaphd.com/upload/Le/thuy%20nga%20asia/ParisByNight.55_1.mp4</link>
<thumbnail>http://media.dangcaphd.com/public/6b93023ea6e110dc083baee5a9e90aac_thumb.jpg</thumbnail>
</item>

<item>
<title>Paris By Night 54</title>
<link>http://server3.dangcaphd.com/upload/Le/thuy%20nga%20asia/ParisByNight.54_1.mp4</link>
<thumbnail>http://media.dangcaphd.com/public/0d2144ddae9f98df66765b85415ef3bf_thumb.jpg</thumbnail>
</item>

<item>
<title>Paris By Night 53</title>
<link>http://server3.dangcaphd.com/upload/Le/thuy%20nga%20asia/ParisByNight.53_1.mp4</link>
<thumbnail>http://media.dangcaphd.com/public/b47972aed79f9961b2471f45fdbecb1b_thumb.jpg</thumbnail>
</item>

<item>
<title>Paris By Night 52</title>
<link>http://server3.dangcaphd.com/upload/Le/thuy%20nga%20asia/ParisByNight.52_001.mp4</link>
<thumbnail>http://media.dangcaphd.com/public/42d02bc5350abc62f7a599f089fc91db_thumb.jpg</thumbnail>
</item>

<item>
<title>Paris By Night 50</title>
<link>http://server3.dangcaphd.com/upload/Le/thuy%20nga%20asia/ParisByNight.50_1.mp4</link>
<thumbnail>http://media.dangcaphd.com/public/ef4d0ef726c790cad3cc886b2fe9c5e1_thumb.jpg</thumbnail>
</item>

<item>
<title>Vân Sơn 11 12 14 16 17- Nụ Cười & Âm Nhạc</title>
<link>http://server3.dangcaphd.com/upload/Le/thuy%20nga%20asia/VanSon11-NucuoivaAmnhac_0_298.mp4</link>
<thumbnail>http://media.dangcaphd.com/public/df54c2b315ae01e7fba2a4d259330217_thumb.jpg</thumbnail>
</item>

