<item>
<title>The Sopranos S02 - Gia đình Sopranos Phần 2 - 2000</title>
<link>http://server2.dangcaphd.com/3ZKc7Af3BGZrgWSrNggs/Phim%20Bo/The.Sopranos.S02/The.Sopranos.S02E01.mp4</link>
<thumbnail>http://media.dangcaphd.com/public/0b9bd3c32d7bc97e43c3bb26f7c68ce5_thumb.jpg</thumbnail>
</item>

<item>
<title>The Sopranos S03 - Gia đình Sopranos Phần 3 - 2001</title>
<link>http://server2.dangcaphd.com/3ZKc7Af3BGZrgWSrNggs/Phim%20Bo/The.Sopranos.S03/The.Sopranos.S03E01.mp4</link>
<thumbnail>http://media.dangcaphd.com/public/6f8581e6b04f3d6bbfb4aab6f948065c_thumb.jpg</thumbnail>
</item>

<item>
<title>The Tomorrow People - Season 1 - Loài Người Tương Lai 1 - 2013</title>
<link>http://server2.dangcaphd.com/3ZKc7Af3BGZrgWSrNggs/Phim%20Bo/The.Tomorrow.People.US.S01/The.Tomorrow.People.US.S01E01.mp4</link>
<thumbnail>http://media.dangcaphd.com/public/a1b2da637c6f65be0a7ffc0caedabc84_thumb.jpg</thumbnail>
</item>

<item>
<title>The Vampire Diaries: Season 4 - Nhật Ký Ma Cà Rồng: Phần 4 - 2012</title>
<link>http://server2.dangcaphd.com/3ZKc7Af3BGZrgWSrNggs/Phim%20Bo/The.Vampire.Diaries.S04/The.Vampire.Diaries.S04E01.mp4</link>
<thumbnail>http://media.dangcaphd.com/public/a0958b76d7281c07fa822accbb49d3c9_thumb.jpg</thumbnail>
</item>

<item>
<title>The Vampire Diaries: Season 3 - Nhật Ký Ma Cà Rồng: Phần 3 - 2011</title>
<link>http://server2.dangcaphd.com/3ZKc7Af3BGZrgWSrNggs/Phim%20Bo/The.Vampire.Diaries.S03/The.Vampire.Diaries.S03E01.mp4</link>
<thumbnail>http://media.dangcaphd.com/public/f67ffcec1b28d1b85fade00b41ae36c8_thumb.jpg</thumbnail>
</item>

<item>
<title>Revenge Season 1 - Báo Thù Phần 1 - 2011</title>
<link>http://server2.dangcaphd.com/3ZKc7Af3BGZrgWSrNggs/Phim%20Bo/Revenge.S01/Revenge.S01E01.mp4</link>
<thumbnail>http://media.dangcaphd.com/public/c1c33ffd98e18b558f075a2e30ec219b_thumb.jpg</thumbnail>
</item>

<item>
<title>Reign Season 1 - Bí Mật Vương Triều 1 - 2013 ( 24/24 Tập)</title>
<link>http://server2.dangcaphd.com/3ZKc7Af3BGZrgWSrNggs/Phim%20Bo/Reign.S01/Reign-S01E01.mp4</link>
<thumbnail>http://media.dangcaphd.com/public/160eca3602d6e246f0cb698c4c5a8346_thumb.jpg</thumbnail>
</item>

<item>
<title>Ravenswood - Thị Trấn Ravenswood Phần 1 - 2013 (10/12 Tập)</title>
<link>http://server2.dangcaphd.com/3ZKc7Af3BGZrgWSrNggs/Phim%20Bo/Ravenswood.S01/Ravenswood.S01E01.mp4</link>
<thumbnail>http://media.dangcaphd.com/public/29ae2d84b2985e5e12db1e82c68df93c_thumb.jpg</thumbnail>
</item>

<item>
<title>Mom Season 1 - 2013 ( 22/22 Tập)</title>
<link>http://server2.dangcaphd.com/3ZKc7Af3BGZrgWSrNggs/Phim%20Bo/Mom.S01/Mom.S01E01.mp4</link>
<thumbnail>http://media.dangcaphd.com/public/3952d9355824f0263370fd922bcbcea5_thumb.jpg</thumbnail>
</item>

<item>
<title>Friends - Season 10 - Những Người Bạn 10 - 2003</title>
<link>http://server2.dangcaphd.com/3ZKc7Af3BGZrgWSrNggs/Phim%20Bo/Friends.S10/Friends.S10E01.mp4</link>
<thumbnail>http://media.dangcaphd.com/public/5e59c71f23de83003599ba46e1dfa0db_thumb.jpg</thumbnail>
</item>

<item>
<title>Friends - Season 9 - Những Người Bạn 9 - 2002</title>
<link>http://server2.dangcaphd.com/3ZKc7Af3BGZrgWSrNggs/Phim%20Bo/Friends.S09/Friends.S09E01.mp4</link>
<thumbnail>http://media.dangcaphd.com/public/6b0edd12536088a8e2a36bc39f92f05a_thumb.jpg</thumbnail>
</item>

<item>
<title>Friends S08 - Những Người Bạn 8</title>
<link>http://server2.dangcaphd.com/3ZKc7Af3BGZrgWSrNggs/Phim%20Bo/Friends.S08/Friends.S08E01.mp4</link>
<thumbnail>http://media.dangcaphd.com/public/f982c5e7b7952e2e3dbe693cf8bfe0d7_thumb.jpg</thumbnail>
</item>

<item>
<title>Friends S07 - Những Người Bạn 7 - 2000</title>
<link>http://server2.dangcaphd.com/3ZKc7Af3BGZrgWSrNggs/Phim%20Bo/Friends.S07/Friends.S07E01.mp4</link>
<thumbnail>http://media.dangcaphd.com/public/f84f1525a3ca745d6e76683b4abbe87e_thumb.jpg</thumbnail>
</item>

<item>
<title>Orphan Black Season 2 - Hoán Vị Phần 2 - 2014 ( 10/10 Tập)</title>
<link>http://server2.dangcaphd.com/3ZKc7Af3BGZrgWSrNggs/Phim%20Bo/Orphan.Black.S02/orphan.black.s02e01.mp4</link>
<thumbnail>http://media.dangcaphd.com/public/2907c707921d1667c686820fb6baab4f_thumb.jpg</thumbnail>
</item>

<item>
<title>The Musketeers Season 1 - Những Chàng Lính Ngự Lâm Phần 1 - 2014</title>
<link>http://server2.dangcaphd.com/3ZKc7Af3BGZrgWSrNggs/Phim%20Bo/The.Musketeers.S01/The.Musketeers.S01E01.mp4</link>
<thumbnail>http://media.dangcaphd.com/public/6cf658bdcc5d5b4c375f9d4b9f4ad328_thumb.jpg</thumbnail>
</item>

<item>
<title>Resurrection Us Season 1 - Hồi Sinh Phần 1 - 2014 (8/8 Tập)</title>
<link>http://server2.dangcaphd.com/3ZKc7Af3BGZrgWSrNggs/Phim%20Bo/Resurrection.US.S01/Resurrection.US.S01E01.mp4</link>
<thumbnail>http://media.dangcaphd.com/public/ff8aa7f70a7e557141ed1e4ff6c141df_thumb.jpg</thumbnail>
</item>

<item>
<title>Continuum: Season 3 - Cổng Thời Gian: Phần 3 - 2014</title>
<link>http://server2.dangcaphd.com/3ZKc7Af3BGZrgWSrNggs/Phim%20Bo/Continuum.S03/Continuum.S03E01.mp4</link>
<thumbnail>http://media.dangcaphd.com/public/2cfad9e494789e52e9a5ee6ce85388d6_thumb.jpg</thumbnail>
</item>

<item>
<title>Penny Dreadful Season 1 - Truyện Kinh Dị Anh Quốc 1 - 2014 ( Tập 8/8)</title>
<link>http://server2.dangcaphd.com/3ZKc7Af3BGZrgWSrNggs/Phim%20Bo/Penny.Dreadful.S01/Penny.Dreadful.S01E01.mp4</link>
<thumbnail>http://media.dangcaphd.com/public/2dac2325bdb0609ce27c65f96d63f04f_thumb.jpg</thumbnail>
</item>

<item>
<title>Doctor Stranger - Bác Sĩ Xứ Lạ - 2014 ( Tập 20/20)</title>
<link>http://server2.dangcaphd.com/3ZKc7Af3BGZrgWSrNggs/Phim%20Bo/Doctor.Stranger/[K-Zone].Doctor.Stranger.E01.HD.KITESVN.COM-muxed.mp4</link>
<thumbnail>http://media.dangcaphd.com/public/aed4e208992ab603b255cbdec5a60e2e_thumb.jpg</thumbnail>
</item>

<item>
<title>Friends S06 - Những Người Bạn Phần 6 - 1999</title>
<link>http://server2.dangcaphd.com/3ZKc7Af3BGZrgWSrNggs/Phim%20Bo/Friends.S06/Friends.S06E01.mp4</link>
<thumbnail>http://media.dangcaphd.com/public/31c1936915e52bd809bb681d3bdc40e4_thumb.jpg</thumbnail>
</item>

<item>
<title>Friends S05 - Những Người Bạn Phần 5 - 1998</title>
<link>http://server2.dangcaphd.com/3ZKc7Af3BGZrgWSrNggs/Phim%20Bo/Friends.S05/Friends.S05E01.mp4</link>
<thumbnail>http://media.dangcaphd.com/public/812214a18ca314fc795a0064b9a104cc_thumb.jpg</thumbnail>
</item>

<item>
<title>Friends - Season 4 - Những Người Bạn 4 - 1997</title>
<link>http://server2.dangcaphd.com/3ZKc7Af3BGZrgWSrNggs/Phim%20Bo/Friends.S04/Friends.S04E01.mp4</link>
<thumbnail>http://media.dangcaphd.com/public/957fb853fb1784a269755f47d46697dc_thumb.jpg</thumbnail>
</item>

<item>
<title>Friends - Season 3 - Những Người Bạn 3 - 1996</title>
<link>http://server2.dangcaphd.com/3ZKc7Af3BGZrgWSrNggs/Phim%20Bo/Friends.S03/Friends.S03E01.mp4</link>
<thumbnail>http://media.dangcaphd.com/public/15073926b9676d503f8745c401f24e0a_thumb.jpg</thumbnail>
</item>

<item>
<title>Friends Season 2 - Những Người Bạn Phần 2</title>
<link>http://server2.dangcaphd.com/3ZKc7Af3BGZrgWSrNggs/Phim%20Bo/Friends.S02/Friends.S02E01.mp4</link>
<thumbnail>http://media.dangcaphd.com/public/f16662bc3e8b27e9c497fcdbae5d2750_thumb.jpg</thumbnail>
</item>

<item>
<title>Friends - Season 1 - Những Người Bạn - Phần 1 - 1994</title>
<link>http://server2.dangcaphd.com/3ZKc7Af3BGZrgWSrNggs/Phim%20Bo/Friends.S01/Friends.S01E01.mp4</link>
<thumbnail>http://media.dangcaphd.com/public/2a33dab108817adc70ad0a7db1ddb1da_thumb.jpg</thumbnail>
</item>

<item>
<title>Storm In A Cocoon - ĐPLT - Người Kế Nghiệp - (32/32) - 2014</title>
<link>http://server2.dangcaphd.com/3ZKc7Af3BGZrgWSrNggs/Phim%20Bo/Storm.in.a.Cocoon.NguoiKeNghiep.2014/Storm.in.a.Cocoon.NguoiKeNghiep.2014.E01.mp4</link>
<thumbnail>http://media.dangcaphd.com/public/f9136dbb8ffa800e24445d5095526b09_thumb.jpg</thumbnail>
</item>

<item>
<title>Ruse of Engagement - Bạn Đào - 2014</title>
<link>http://server2.dangcaphd.com/3ZKc7Af3BGZrgWSrNggs/Phim%20Bo/Ruse.of.Engagement.PhanDao.2014/Ruse.of.Engagement.PhanDao.2014.E01.mp4</link>
<thumbnail>http://media.dangcaphd.com/public/e8aed4860e7751642cbec33cd794524f_thumb.jpg</thumbnail>
</item>

<item>
<title>My Little Pony. Friendship Is Magic S04 - Tình bạn là phép màu phần 4 - 2013</title>
<link>http://server2.dangcaphd.com/3ZKc7Af3BGZrgWSrNggs/Phim%20Bo/My%20Little%20Pony%20Friendship%20Is%20Magic%20S04/My.Little.Pony.Friendship.is.Magic.S04E01.mp4</link>
<thumbnail>http://media.dangcaphd.com/public/c853cdfdac1436475643f3ceada46d08_thumb.jpg</thumbnail>
</item>

<item>
<title>My Little Pony Friendship Is Magic S03 - Tình bạn là phép màu phần 3 - 2012</title>
<link>http://server2.dangcaphd.com/3ZKc7Af3BGZrgWSrNggs/Phim%20Bo/My%20Little%20Pony%20Friendship%20Is%20Magic%20S03/My.Little.Pony.Friendship.is.Magic.S03E01.mp4</link>
<thumbnail>http://media.dangcaphd.com/public/d2fe3db062e3983a85c27493613a3d1f_thumb.jpg</thumbnail>
</item>

<item>
<title>Outbound Love - ĐPLT - Đơn Luyến Song Thành - Tình Phương Xa - 2014</title>
<link>http://server2.dangcaphd.com/3ZKc7Af3BGZrgWSrNggs/Phim%20Bo/Outbound.Love.DuyenTinhPhuongXa.2014/Outbound.Love.DuyenTinhPhuongXa.2014.E01.mp4</link>
<thumbnail>http://media.dangcaphd.com/public/38c36ac45827b54e28844f142d8afdcc_thumb.jpg</thumbnail>
</item>

<item>
<title>Kamen Rider Wizard - 2012</title>
<link>http://server2.dangcaphd.com/3ZKc7Af3BGZrgWSrNggs/Phim%20Bo/KamenRiderWizard/KamenRiderWizard.Ep01.mp4</link>
<thumbnail>http://media.dangcaphd.com/public/dbb36a52ec8e00b7151d2782d3817061_thumb.jpg</thumbnail>
</item>

<item>
<title>Gundam Age - 2012</title>
<link>http://server2.dangcaphd.com/3ZKc7Af3BGZrgWSrNggs/Phim%20Bo/GundamAGE/Gundam.AGE.E01.mp4</link>
<thumbnail>http://media.dangcaphd.com/public/67984e4f6a8799095f7d14e35238d299_thumb.jpg</thumbnail>
</item>

<item>
<title>Game Of Thrones - Season 2 - Cuộc Chiến Ngai Vàng 2 - 2012</title>
<link>http://server2.dangcaphd.com/3ZKc7Af3BGZrgWSrNggs/Phim%20Bo/Game.of.Thrones.S02/Game.of.Thrones.S02E01.mp4</link>
<thumbnail>http://media.dangcaphd.com/public/d45cca9fc538efab833e2a6abd747792_thumb.jpg</thumbnail>
</item>

<item>
<title>New Girl: Season 3 - Cô Gái Kỳ Quặc: Phần 3 - 2013 (23/24 Tập)</title>
<link>http://server2.dangcaphd.com/3ZKc7Af3BGZrgWSrNggs/Phim%20Bo/New.Girl.S03/New.Girl.S03E01.mp4</link>
<thumbnail>http://media.dangcaphd.com/public/d803a0f85236e253820b031787dd80ac_thumb.jpg</thumbnail>
</item>

<item>
<title>Game Of Thrones - Season 1 - Cuộc Chiến Ngai Vàng 1 - 2011</title>
<link>http://server2.dangcaphd.com/3ZKc7Af3BGZrgWSrNggs/Phim%20Bo/Game.of.Thrones.S01/Game.of.Thrones.S01E01.mp4</link>
<thumbnail>http://media.dangcaphd.com/public/b03b7fe430f5a873c1947de2ed077991_thumb.jpg</thumbnail>
</item>

