<item>
<title>Bunny Drop | Usagi Drop</title>
<link>http://server1.dangcaphd.com/p6jdqdE5QKfXAYgVphim/phimbo/Usagi.Drop/Usagi.Drop.E01.mp4</link>
<thumbnail>http://media.dangcaphd.com/public/82aa3c7ee772776f59245cc503000e05_thumb.jpg</thumbnail>
</item>

<item>
<title>Kuroshitsuji</title>
<link>http://server1.dangcaphd.com/p6jdqdE5QKfXAYgVphim/phimbo/Kuroshitsuji.S01/Kuroshitsuji.E01.mp4</link>
<thumbnail>http://media.dangcaphd.com/public/596744f05a85f1809a0a3db5c323c621_thumb.jpg</thumbnail>
</item>

<item>
<title>David Attenborough's Natural Curiosities (2013)</title>
<link>http://server1.dangcaphd.com/p6jdqdE5QKfXAYgVphim/phimbo/Attenboroughs.Natural.Curiosities/Attenboroughs.Natural.Curiosities.1of5.Stretched.to.the.Limit.mp4</link>
<thumbnail>http://media.dangcaphd.com/public/eaaecbdbf6c4d5b7a0fd3f04b9bbdb55_thumb.jpg</thumbnail>
</item>

<item>
<title>Mặt Trời Của Chàng Joo - Masters Sun (2013)</title>
<link>http://server1.dangcaphd.com/p6jdqdE5QKfXAYgVphim/phimbo/Masters.Sun.E01.mp4</link>
<thumbnail>http://media.dangcaphd.com/public/3cf966e80d21d1de81cbc06fd4f9a372_thumb.jpg</thumbnail>
</item>

<item>
<title>Hoa Hồng Có Gai (2012)</title>
<link>http://server1.dangcaphd.com/p6jdqdE5QKfXAYgVphim/phimbo/HoaHongCoGai.2012/HoaHongCoGai.2012.E01.mp4</link>
<thumbnail>http://media.dangcaphd.com/public/bfced238bdf81779b2e3f8ed2b9c69a3_thumb.jpg</thumbnail>
</item>

<item>
<title>Marry Him If You Dare - Lấy Anh, Em Dám Không? (2013 )</title>
<link>http://server1.dangcaphd.com/p6jdqdE5QKfXAYgVphim/phimbo/Lay.Anh.Em.Dam.Ko/LayAnhEmDamKhong.2013.E01.mp4</link>
<thumbnail>http://media.dangcaphd.com/public/50236e0a7b2e9109ebcbe6646dd1c156_thumb.jpg</thumbnail>
</item>

<item>
<title>Banshee Season 2 - Thị Trấn Banshee 2 - 2014</title>
<link>http://server1.dangcaphd.com/p6jdqdE5QKfXAYgVphim/phimbo/Banshee.S02//Banshee.S02E01.mp4</link>
<thumbnail>http://media.dangcaphd.com/public/07582c83a7f762aceb4a2385c6c49714_thumb.jpg</thumbnail>
</item>

<item>
<title>Banshee - Thị Trấn Banshee (2013)</title>
<link>http://server1.dangcaphd.com/p6jdqdE5QKfXAYgVphim/phimbo/Banshee.S01/Banshee.S01E01.mp4</link>
<thumbnail>http://media.dangcaphd.com/public/90386a5964faa0adf92a259f3c4fa75c_thumb.jpg</thumbnail>
</item>

<item>
<title>The Queen of Office - Nữ Hoàng Công Sở (2013)</title>
<link>http://server1.dangcaphd.com/p6jdqdE5QKfXAYgVphim/phimbo//The.Queen.Of.Office/The.Queen.Of.Office.Ep01.mp4</link>
<thumbnail>http://media.dangcaphd.com/public/4c87ca8e8fc2fe6defd065bce001dc7b_thumb.jpg</thumbnail>
</item>

<item>
<title>The Heirs - Những Người Thừa Kế (2013)</title>
<link>http://server1.dangcaphd.com/p6jdqdE5QKfXAYgVphim/phimbo/The.Heirs/The.Heirs.E01.mp4</link>
<thumbnail>http://media.dangcaphd.com/public/a29cffa66de678eacc319c32fdf28c05_thumb.jpg</thumbnail>
</item>

<item>
<title>The Demi-Gods and Semi-Devils - Tân Thiên Long Bát Bộ (2014)</title>
<link>http://server1.dangcaphd.com/p6jdqdE5QKfXAYgVphim/phimbo/Tan.Thien.Long.Bat.Bo.2013/Tan.Thien.Long.Bat.Bo.E001.mp4</link>
<thumbnail>http://media.dangcaphd.com/public/e3106555e0c6a96acffaa94d406a1916_thumb.jpg</thumbnail>
</item>

<item>
<title>Two Weeks - Hai Tuần (2013)</title>
<link>http://server1.dangcaphd.com/p6jdqdE5QKfXAYgVphim/phimbo/Two.Weeks/Two.Weeks.E01.mp4</link>
<thumbnail>http://media.dangcaphd.com/public/61e4e9b108e5a60be2da9b36b6f2cff1_thumb.jpg</thumbnail>
</item>

<item>
<title>Survivor - Người sống sót (2012)</title>
<link>http://server1.dangcaphd.com/p6jdqdE5QKfXAYgVphim/phimbo/Survivor/Survivor.E01.mp4</link>
<thumbnail>http://media.dangcaphd.com/public/6c8bdcbda157205626fc0b9db2b013e8_thumb.jpg</thumbnail>
</item>

<item>
<title>Suburgatory Season 2 - Rắc Rối Ngoại Ô phần 2 (2012)</title>
<link>http://server1.dangcaphd.com/p6jdqdE5QKfXAYgVphim/phimbo/Suburgatory.S02/Suburgatory.S02E01.mp4</link>
<thumbnail>http://media.dangcaphd.com/public/a0f886869fda50f13a1e4adf33448cc0_thumb.jpg</thumbnail>
</item>

<item>
<title>Suburgatory : Season 1 - Rắc Rối Ngoại Ô Phần 1 (2011)</title>
<link>http://server1.dangcaphd.com/p6jdqdE5QKfXAYgVphim/phimbo/Suburgatory.S01/Suburgatory.S01E01.mp4</link>
<thumbnail>http://media.dangcaphd.com/public/6b305642c53a1fdd84a5529470abc957_thumb.jpg</thumbnail>
</item>

<item>
<title>Queen of Ambition - Dã Vương (2013)</title>
<link>http://server1.dangcaphd.com/p6jdqdE5QKfXAYgVphim/phimbo/Queen.Of.Ambition/Queen.Of.Ambition.E01.mp4</link>
<thumbnail>http://media.dangcaphd.com/public/d38494ed7d84221cfc6cac6cd2e4f88d_thumb.jpg</thumbnail>
</item>

<item>
<title>Prime Minister and I - Chuyện Tình Thủ Tướng - 2013</title>
<link>http://server2.dangcaphd.com/3ZKc7Af3BGZrgWSrNggs/Phim%20Bo/ChuyenTinhThuTuong.2014/Chuyen.Tinh.Thu.Tuong.T01.mp4</link>
<thumbnail>http://media.dangcaphd.com/public/bc5ae8646d46aecd8b15c2c5b0ea3ff4_thumb.jpg</thumbnail>
</item>

<item>
<title>Her Legend - Huyền Thoại Người Con Gái (2013)</title>
<link>http://server1.dangcaphd.com/p6jdqdE5QKfXAYgVphim/phimbo/Her.Legend/Her.Legend.E01.mp4</link>
<thumbnail>http://media.dangcaphd.com/public/22c5da7ded72bc408c8038d3860633a3_thumb.jpg</thumbnail>
</item>

<item>
<title>Glee Season 5 - 2013 (Tập 15/15)</title>
<link>http://server1.dangcaphd.com/p6jdqdE5QKfXAYgVphim/phimbo/Glee.S05/Glee.S05E01.mp4</link>
<thumbnail>http://media.dangcaphd.com/public/54a4a5357d7fd3eb4325b2d38503257a_thumb.jpg</thumbnail>
</item>

<item>
<title>Glee Season 4 - 2012</title>
<link>http://server1.dangcaphd.com/p6jdqdE5QKfXAYgVphim/phimbo/Glee.S04/Glee.S04E01.mp4</link>
<thumbnail>http://media.dangcaphd.com/public/9f795e0e2d7a56c52737ecf0a34c72c0_thumb.jpg</thumbnail>
</item>

<item>
<title>Glee Season 3 - 2011</title>
<link>http://server1.dangcaphd.com/p6jdqdE5QKfXAYgVphim/phimbo/Glee.S03/Glee.S03E01.mp4</link>
<thumbnail>http://media.dangcaphd.com/public/293f562adb5cb447f767850baef5eb72_thumb.jpg</thumbnail>
</item>

<item>
<title>Glee Season 2 - 2010</title>
<link>http://server1.dangcaphd.com/p6jdqdE5QKfXAYgVphim/phimbo/Glee.S02/Glee.S02E01.mp4</link>
<thumbnail>http://media.dangcaphd.com/public/1013305d1508d4acdab7faadb277a37a_thumb.jpg</thumbnail>
</item>

<item>
<title>Glee Season 1 - 2009</title>
<link>http://server1.dangcaphd.com/p6jdqdE5QKfXAYgVphim/phimbo/Glee.S01/Glee.S01E01.mp4</link>
<thumbnail>http://media.dangcaphd.com/public/a94aa1cec7119ddf3bac69a86c1ad25b_thumb.jpg</thumbnail>
</item>

<item>
<title>Ad Genius Lee Tae Baek - Thiên Tài Quảng Cáo Lee Tae Baek (2013 )</title>
<link>http://server1.dangcaphd.com/p6jdqdE5QKfXAYgVphim/phimbo/Ad.Genius.Lee.Tae.Baek/Ad.Genius.Lee.Tae.Baek.Ep01.mp4</link>
<thumbnail>http://media.dangcaphd.com/public/d6a986597a25929e9bc2f1bea4cede50_thumb.jpg</thumbnail>
</item>

<item>
<title>Dragons: Riders of Berk - Những Truyền Thuyết Về Rồng (2012)</title>
<link>http://server1.dangcaphd.com/p6jdqdE5QKfXAYgVphim/phimbo/Dragons.Riders.of.Berk.S01/Dragons.Riders.of.Berk.S01E01.mp4</link>
<thumbnail>http://media.dangcaphd.com/public/32af3bd6a844bca130deaf19e33d30bb_thumb.jpg</thumbnail>
</item>

<item>
<title>The Sopranos: season 1 - Gia đình Sopranos 1</title>
<link>http://server1.dangcaphd.com/p6jdqdE5QKfXAYgVphim/phimbo/The.Sopranos.S01/The.Sopranos.S01E01.mp4</link>
<thumbnail>http://media.dangcaphd.com/public/76494f6669fc0de619aba000503d0043_thumb.jpg</thumbnail>
</item>

<item>
<title>Alone In Love - Cô Đơn Trong Tình Yêu (2006)</title>
<link>http://server1.dangcaphd.com/p6jdqdE5QKfXAYgVphim/phimbo/Alone%20in%20Love.2006/Alone.in.Love.E01.mp4</link>
<thumbnail>http://media.dangcaphd.com/public/063d82c57dae71440e68c832fed9f2fc_thumb.jpg</thumbnail>
</item>

<item>
<title>Three Kingdoms - Tân Tam Quốc Chí (2010)</title>
<link>http://server1.dangcaphd.com/p6jdqdE5QKfXAYgVphim/phimbo/Tam%20quoc%202010/Three.Kingdoms.Ep01.mp4</link>
<thumbnail>http://media.dangcaphd.com/public/9eeacae9b2b5eadfa33af9f10e3d26ca_thumb.jpg</thumbnail>
</item>

<item>
<title>How the Universe Works: Season 2 - Vũ Trụ Hoạt Động Thế Nào 2 (2011)</title>
<link>http://server1.dangcaphd.com/p6jdqdE5QKfXAYgVphim/phimbo/How.the.Universe.Works.S02/How.the.Universe.Works.S02E01.mp4</link>
<thumbnail>http://media.dangcaphd.com/public/e2441789f2ecdd5321273aed71450728_thumb.jpg</thumbnail>
</item>

<item>
<title>Spartacus Season 3: War Of The Damned Spartacus -  Cuộc Chiến Nô Lệ</title>
<link>http://server1.dangcaphd.com/p6jdqdE5QKfXAYgVphim/phimbo/Spartacus.S03/Spartacus.S03E01.mp4</link>
<thumbnail>http://media.dangcaphd.com/public/5e1133f7b5341f863bec3d1a6f01a605_thumb.jpg</thumbnail>
</item>

<item>
<title>Spartacus Season 2 - Báo Thù 2</title>
<link>http://server1.dangcaphd.com/p6jdqdE5QKfXAYgVphim/phimbo/Spartacus.S02/Spartacus.S02E01.mp4</link>
<thumbnail>http://media.dangcaphd.com/public/76db494ce07de69547e7ffa609ed07cf_thumb.jpg</thumbnail>
</item>

<item>
<title>The Vampire Diaries Season 2 - Nhật Ký Ma Cà Rồng 2 - 2010</title>
<link>http://server1.dangcaphd.com/p6jdqdE5QKfXAYgVphim/phimbo/The%20Vampire%20Diaries/done/S02/The.Vampire.Diaries.S02E01.mp4</link>
<thumbnail>http://media.dangcaphd.com/public/8a4e7a045f2e0929c799da90218313a1_thumb.jpg</thumbnail>
</item>

<item>
<title>The Vampire Diaries Season 1 - Nhật Ký Ma Cà Rồng 1 - 2009</title>
<link>http://server1.dangcaphd.com/p6jdqdE5QKfXAYgVphim/phimbo/The.Vampire.Diaries.S01/The.Vampire.Diaries.S01E01.mp4</link>
<thumbnail>http://media.dangcaphd.com/public/cf93ccfce92832b776b0f0630afcbbbf_thumb.jpg</thumbnail>
</item>

<item>
<title>Nikita Season 3 - Sát Thủ Nikita - 2012</title>
<link>http://server1.dangcaphd.com/p6jdqdE5QKfXAYgVphim/phimbo/Nikita.S03/Nikita.S03E01.mp4</link>
<thumbnail>http://media.dangcaphd.com/public/d4f5ea697bd6643c245fc00f4b21e2e1_thumb.jpg</thumbnail>
</item>

<item>
<title>Nikita Season 2 - Sát Thủ Nikita 2  - 2011 ( Trọn bộ )</title>
<link>http://server1.dangcaphd.com/p6jdqdE5QKfXAYgVphim/phimbo/Nikita.S02/Nikita.S02E01.mp4</link>
<thumbnail>http://media.dangcaphd.com/public/371367337df635b021246bf4013dc6b1_thumb.jpg</thumbnail>
</item>

