<item>
<title>Mozart In The Jungle - Mozart Trong Rừng Rậm - 2014 (10/10 tập)</title>
<link>http://server3.dangcaphd.com/p4R4cDQnzcUagcNa/phimbo0710/mozart.in.s01/mozart.in.the.jungle.s01e01.mp4</link>
<thumbnail>http://media.dangcaphd.com/public/017a890e2861b3c96b597e6bddb15936_thumb.jpg</thumbnail>
</item>

<item>
<title>Hồ Tiên - Fairy Fox - 2014 (43/48 tập)</title>
<link>http://server3.dangcaphd.com/p4R4cDQnzcUagcNa/phimbo0710/Ho.Tien/Ho.Tien.E%2001-muxed.mp4</link>
<thumbnail>http://media.dangcaphd.com/public/d0f11bc80372417528521f3b43bbc610_thumb.jpg</thumbnail>
</item>

<item>
<title>Thiên Đường Cỏ - Paradise Ranch - 2012 (16/16 tập)</title>
<link>http://server3.dangcaphd.com/p4R4cDQnzcUagcNa/phimbo0710/Paradise.Ranch/Paradise.Ranch.2012.E01.mp4</link>
<thumbnail>http://media.dangcaphd.com/public/953f5fffbb36a28f7a95b7f8a264bd54_thumb.jpg</thumbnail>
</item>

<item>
<title>My Husband Got a Family - Gia Đình Chồng Tôi - 2013 (58/58 tập)</title>
<link>http://server3.dangcaphd.com/p4R4cDQnzcUagcNa/phimbo0710/GiaDinh/GiaDinhChongToi.2012.E01.mp4</link>
<thumbnail>http://media.dangcaphd.com/public/51d42c37bff72506eb3dcd05baa0d39f_thumb.jpg</thumbnail>
</item>

<item>
<title>Vị Hôn Thê - 2014 (7/30 tập)</title>
<link>http://server3.dangcaphd.com/p4R4cDQnzcUagcNa/phimbo0710/Vi.Hon.The/Vi.hon.the.2014.1.mp4</link>
<thumbnail>http://media.dangcaphd.com/public/ee2650e41d212678331515e2f99b1ffc_thumb.jpg</thumbnail>
</item>

<item>
<title>Sweden Laundry - Tiệm Giặt Ủi Thụy Điển - 2014 (10/10 tập)</title>
<link>http://server3.dangcaphd.com/p4R4cDQnzcUagcNa/phimbo0710/Sweden.Laundry.2014/Sweden.Laundry.2014.Ep01.mp4</link>
<thumbnail>http://media.dangcaphd.com/public/f6f51a791452a9f3b3238458f7820dd5_thumb.jpg</thumbnail>
</item>

<item>
<title>Em Là Ai - Who Are You - 2013 (16/20 tập)</title>
<link>http://server3.dangcaphd.com/p4R4cDQnzcUagcNa/phimbo0710/Who.are.you/Who.are.you.E01-muxed.mp4</link>
<thumbnail>http://media.dangcaphd.com/public/74c0384b737f23e2666f999b8241202d_thumb.jpg</thumbnail>
</item>

<item>
<title>Diện Mạo Hoàng Đế - King’s Face - 2014 (19/24 tập)</title>
<link>http://server3.dangcaphd.com/p4R4cDQnzcUagcNa/phimbo0710/The.Kings.Face/The.Kings.Face.E01-muxed.mp4</link>
<thumbnail>http://media.dangcaphd.com/public/f69fd96d8c03c742e5bdc709949d215b_thumb.jpg</thumbnail>
</item>

<item>
<title>The Missing Season 1 - Mất Tích - 2014</title>
<link>http://server3.dangcaphd.com/p4R4cDQnzcUagcNa/phimbo2014/The.Missing/The.Missing.2014.E01.mp4</link>
<thumbnail>http://media.dangcaphd.com/public/3ecc0db1c328e95f646f0c43dd933eac_thumb.jpg</thumbnail>
</item>

<item>
<title>Tuyển Chiến - 2014 (3/15 tập)</title>
<link>http://server3.dangcaphd.com/p4R4cDQnzcUagcNa/phimbo0710/Tuyen.Chien/TuyenChien01.mp4</link>
<thumbnail>http://media.dangcaphd.com/public/3e5736ed9f27faa11f995c1de58f71a0_thumb.jpg</thumbnail>
</item>

<item>
<title>Nụ Hôn Định Mệnh 2 - Itazura na kiss Love In Tokyo 2 - 2014 (8/8 tập)</title>
<link>http://server3.dangcaphd.com/p4R4cDQnzcUagcNa/phimbo0710/Itazura.Na.Kiss.2/Itazura.Na.Kiss.2-Love.In.Tokyo-Tap1.mp4</link>
<thumbnail>http://media.dangcaphd.com/public/dbf6e936cda9497d566368cbf4b71501_thumb.jpg</thumbnail>
</item>

<item>
<title>Mối Tình Xuyên Biên Giới - Love Lines - 2014 (3/3 tập)</title>
<link>http://server3.dangcaphd.com/p4R4cDQnzcUagcNa/phimbo0710/Line%20Romance/Line%20Romance%201.mp4</link>
<thumbnail>http://media.dangcaphd.com/public/f2ed73cea40ff6add1372707edba2a85_thumb.jpg</thumbnail>
</item>

<item>
<title>Võ Tắc Thiên - 2014</title>
<link>http://server3.dangcaphd.com/p4R4cDQnzcUagcNa/phimbo0710/VoTacThienHD/Vo.Tac.Thien.Truyen.Ky.2014.HD01.mp4</link>
<thumbnail>http://media.dangcaphd.com/public/b59321da8dcf05057114e0b48b292c74_thumb.jpg</thumbnail>
</item>

<item>
<title>Tân Lộc Đỉnh Ký - 2015 (50/50 tập)</title>
<link>http://server3.dangcaphd.com/p4R4cDQnzcUagcNa/phimbo0710/Tan.Loc.Dinh.Ky/Tan.Loc.Dinh.Ky.2014.tap1.mp4</link>
<thumbnail>http://media.dangcaphd.com/public/1f7c9bed73ae0e1318e89fe13c071a2d_thumb.jpg</thumbnail>
</item>

<item>
<title>Paris By Night 112 - Đông</title>
<link>http://server3.dangcaphd.com/p4R4cDQnzcUagcNa/ThuyNga/Paris.By.Night.112.Dong-fix_0_299.mp4</link>
<thumbnail>http://media.dangcaphd.com/public/1015343886636f71e4b5fd1b9cf5733d_thumb.jpg</thumbnail>
</item>

<item>
<title>Gặp Anh Gặp Được Chân Tình - Go Single Lady - 2014</title>
<link>http://server3.dangcaphd.com/p4R4cDQnzcUagcNa/phimbo0710/Gap.Anh.Gap.Duoc.Chan.Tinh/Gap.Anh.Gap.Duoc.Chan.Tinh.Ep01-muxed.mp4</link>
<thumbnail>http://media.dangcaphd.com/public/b1dd0f4e8899026f472ef3884daf70ea_thumb.png</thumbnail>
</item>

<item>
<title>Lady Sour - Thố Nương Tử - 2014 (19/19 tập)</title>
<link>http://server3.dangcaphd.com/p4R4cDQnzcUagcNa/phimbo0710/Lady.Sour.2014/Lady.Sour.2014.Ep01.mp4</link>
<thumbnail>http://media.dangcaphd.com/public/62dd080ff8ea1a3f4abb561f5f21ac21_thumb.jpg</thumbnail>
</item>

<item>
<title>Punch - Đối Đầu - 2014</title>
<link>http://server3.dangcaphd.com/p4R4cDQnzcUagcNa/phimbo0710/Punch/Punch.E01.mp4</link>
<thumbnail>http://media.dangcaphd.com/public/c088be6fce93c939b6577cdcdb85ec1d_thumb.jpg</thumbnail>
</item>

<item>
<title>Siêu Đạo Chích - Yoo Na’s Street - 2014 (16/50 tập)</title>
<link>http://server3.dangcaphd.com/p4R4cDQnzcUagcNa/phimbo0710/Sieu.Dao.Chich/Sieu.Dao.Chich.2014.E01.mp4</link>
<thumbnail>http://media.dangcaphd.com/public/f10f5560442dbbf1211e8a205fe33868_thumb.jpg</thumbnail>
</item>

<item>
<title>Cảnh Giới Tuyến - The Borderline - 2014 (17/17 tập)</title>
<link>http://server3.dangcaphd.com/p4R4cDQnzcUagcNa/phimbo0710/The.Borderline/The.Borderline.2014.Ep01.mp4</link>
<thumbnail>http://media.dangcaphd.com/public/df0547793fe3776402dc1042a4ab9623_thumb.jpg</thumbnail>
</item>

<item>
<title>Lưu Luyến Không Quên - Loving Never Forgetting - 2014 (34/34 tập)</title>
<link>http://server3.dangcaphd.com/p4R4cDQnzcUagcNa/phimbo0710/Luu.Luyen.Khong.Quen/Luu.Luyen.Khong.Quen.E01.mp4</link>
<thumbnail>http://media.dangcaphd.com/public/a0c402aca467aa88f787b19d67f696a0_thumb.jpg</thumbnail>
</item>

<item>
<title>Danh Môn Ám Chiến - 2014 ( 29/29 tập )</title>
<link>http://server3.dangcaphd.com/p4R4cDQnzcUagcNa/phimbo0710/Danh.Mon.Am.Chien/Danh.Mon.Am.Chien-01.mp4</link>
<thumbnail>http://media.dangcaphd.com/public/2bb09e419ad85abffd389f1e7bce6324_thumb.jpg</thumbnail>
</item>

<item>
<title>Chuck Season 5 - Điệp Viên Tay Mơ 5 - 2011 (13/13 tập)</title>
<link>http://server3.dangcaphd.com/p4R4cDQnzcUagcNa/phimbo0710/Chuck.S05/Chuck.S05E01.mp4</link>
<thumbnail>http://media.dangcaphd.com/public/f39467d62583b9108b638689a701ff09_thumb.jpg</thumbnail>
</item>

<item>
<title>Boarding House 24 - Nhà Trọ Số 24 - 2014 (12/16 tập)</title>
<link>http://server3.dangcaphd.com/p4R4cDQnzcUagcNa/phimbo0710/Boarding.House.24/Boarding.House.24.Tap01.mp4</link>
<thumbnail>http://media.dangcaphd.com/public/1a53acbc184d0c6c269b8e56f36ac3d9_thumb.jpg</thumbnail>
</item>

<item>
<title>Chuck season 4 - Chàng Điệp Viên Tay Mơ 4 - 2010 ( 24/24 Tập)</title>
<link>http://server3.dangcaphd.com/p4R4cDQnzcUagcNa/phimbo0710/Chuck.S04/Chuck.S04E01.mp4</link>
<thumbnail>http://media.dangcaphd.com/public/ab80a33c2c0f1dca7e976b9ff70a561c_thumb.jpg</thumbnail>
</item>

<item>
<title>Chuck Season 3 - Chàng Điệp Viên Tay Mơ 3 - 2009 (19/19 Tập)</title>
<link>http://server3.dangcaphd.com/p4R4cDQnzcUagcNa/phimbo0710/Chuck.S03/Chuck.S03E01.mp4</link>
<thumbnail>http://media.dangcaphd.com/public/e178ca29dee3894dd2f9475f75fb2109_thumb.jpg</thumbnail>
</item>

<item>
<title>Chuck Season 2 - Chàng Điệp Viên Tay Mơ 2 - 2008 (22/22 tập)</title>
<link>http://server3.dangcaphd.com/p4R4cDQnzcUagcNa/phimbo0710/Chuck.S02/Chuck.S02E01.mp4</link>
<thumbnail>http://media.dangcaphd.com/public/a5511282ca8ce0b47624a97be1fabf84_thumb.jpg</thumbnail>
</item>

<item>
<title>Chuck Season 1 - Chàng Điệp Viên Tay Mơ 1 - 2007 ( 13/13 tập )</title>
<link>http://server3.dangcaphd.com/p4R4cDQnzcUagcNa/phimbo0710/Chuck.S01/Chuck.S01E01.mp4</link>
<thumbnail>http://media.dangcaphd.com/public/7df3e6d82a243ff58963891745ad50e0_thumb.jpg</thumbnail>
</item>

<item>
<title>Healer - Cứu Thế - 2014</title>
<link>http://server3.dangcaphd.com/p4R4cDQnzcUagcNa/phimbo2014/HeaLer/Healer.E01.mp4</link>
<thumbnail>http://media.dangcaphd.com/public/4ae85dd257ce2406a46ddbb95734964e_thumb.jpg</thumbnail>
</item>

<item>
<title>Marco Polo Season 1 - Nhà Thám Hiểm Marco Polo Phần 1 - 2014 (10/13 tập)</title>
<link>http://server3.dangcaphd.com/p4R4cDQnzcUagcNa/phimbo2014/Marco.Polo/marco.polo.2014.s01e01.mp4</link>
<thumbnail>http://media.dangcaphd.com/public/a10ea680f860583984f7997f021c6475_thumb.jpg</thumbnail>
</item>

<item>
<title>Bác Sĩ House Phần 8 - House MD Season 8 - 2011 ( Trọn bộ 22 tập )</title>
<link>http://server3.dangcaphd.com/p4R4cDQnzcUagcNa/phimbo2014/HouseMD.S08/House.MD.S08E01.mp4</link>
<thumbnail>http://media.dangcaphd.com/public/4b85d1e7504390b4590a9797c6385ad2_thumb.jpg</thumbnail>
</item>

<item>
<title>House MD Season 7 - Bác Sĩ House Phần 7 - 2010 ( Trọn bộ 24 tập )</title>
<link>http://server3.dangcaphd.com/p4R4cDQnzcUagcNa/phimbo2014/HouseMD.S07/House.MD.S07E01.mp4</link>
<thumbnail>http://media.dangcaphd.com/public/63ab75f5de230aff889a8f44e08d4f62_thumb.jpg</thumbnail>
</item>

<item>
<title>House MD Season 5 - Bác Sĩ House Phần 5 - 2008 ( Trọn bộ 24 tập )</title>
<link>http://server3.dangcaphd.com/p4R4cDQnzcUagcNa/phimbo2014/HouseMD.S05/House.M.D.S05E01.mp4</link>
<thumbnail>http://media.dangcaphd.com/public/933dbc6edf6fc3de86800d3636cdaa1a_thumb.jpg</thumbnail>
</item>

<item>
<title>House MD Season 4 - Bác Sĩ House Phần 4 - 2008 ( Trọn bộ 16 tập )</title>
<link>http://server3.dangcaphd.com/p4R4cDQnzcUagcNa/phimbo2014/HouseMD.S04/House.M.D.S04E01.mp4</link>
<thumbnail>http://media.dangcaphd.com/public/e3f6ca880d6aaa72b7ec54dfce28d035_thumb.jpg</thumbnail>
</item>

<item>
<title>House MD Season 3 - Bác Sĩ House Phần 3 - 2006 ( Trọn bộ 24 tập )</title>
<link>http://server3.dangcaphd.com/p4R4cDQnzcUagcNa/phimbo2014/HouseMD.S03/House.M.D.S03E01.mp4</link>
<thumbnail>http://media.dangcaphd.com/public/27c3cfd47d9c7db7e2612affab7f77f9_thumb.jpg</thumbnail>
</item>

