<item>
<title>Bằng Chứng Thép 2 - Forensic Heroes 2 - 2008</title>
<link>http://server3.dangcaphd.com/p4R4cDQnzcUagcNa/phimbo/Forensic.Heroes.II/Forensic.Heroes.II.EP01.mp4</link>
<thumbnail>http://media.dangcaphd.com/public/1857416b91253a2ebe8762949aa20703_thumb.jpg</thumbnail>
</item>

<item>
<title>Luật Sư Lưu Manh - 2013 (Thuyết Minh )</title>
<link>http://server3.dangcaphd.com/p4R4cDQnzcUagcNa/phimbo/luatsuluumanh1/luatsuluumanh1-muxed.mp4</link>
<thumbnail>http://media.dangcaphd.com/public/8b296bbe20031194ea2709cf5e311d35_thumb.jpg</thumbnail>
</item>

<item>
<title>Bằng Chứng Thép 1 - Forensic Heroes 1 - 2006 ( Thuyết minh )</title>
<link>http://server3.dangcaphd.com/p4R4cDQnzcUagcNa/phimbo/Forensic.Heroes.I/Forensic.Heroes.I.2006.E05.mp4</link>
<thumbnail>http://media.dangcaphd.com/public/b46ec4948305546f5ac8b797965d8e42_thumb.jpg</thumbnail>
</item>

<item>
<title>Sức Mạnh Người Dơi - Beware The Batman - 2014 ( Tập 10/10)</title>
<link>http://server3.dangcaphd.com/p4R4cDQnzcUagcNa/phimbo/Beware.the.Batman.S01/Beware.the.Batman.S01E01.mp4</link>
<thumbnail>http://media.dangcaphd.com/public/0e1e9c1a2a7e9299e6c0e1ccd08704d1_thumb.jpg</thumbnail>
</item>

<item>
<title>Thị Trấn Ven Biển 1 - Broadchurch Season 1 - 2014 ( Tập 8/13)</title>
<link>http://server3.dangcaphd.com/p4R4cDQnzcUagcNa/phimbo/Broadchurch.S01/Broadchurch.S01E01.mp4</link>
<thumbnail>http://media.dangcaphd.com/public/6956b4000f8d03acf1de1ceaa301a2a2_thumb.jpg</thumbnail>
</item>

<item>
<title>Nhật Ký Tròn Quay - My Mad Fat Diary - 2014</title>
<link>http://server3.dangcaphd.com/p4R4cDQnzcUagcNa/phimbo/My.Mad.Fat.Diary.S01/My.Mad.Fat.Diary.S01E01.mp4</link>
<thumbnail>http://media.dangcaphd.com/public/85a3d6f044e557c58ae67b9bdc7e05b3_thumb.jpg</thumbnail>
</item>

<item>
<title>Bảo Vệ Nhân Chứng - 2012</title>
<link>http://server3.dangcaphd.com/p4R4cDQnzcUagcNa/phimbo/Bao.Ve.Nhan.Chung/Bao.Ve.Nhan.Chung.Tap01.mp4</link>
<thumbnail>http://media.dangcaphd.com/public/373405418ad7a49d99afd37423a0556f_thumb.jpg</thumbnail>
</item>

<item>
<title>Bằng Chứng Thép 3 - 2011</title>
<link>http://server3.dangcaphd.com/p4R4cDQnzcUagcNa/phimbo/BangchungthepIII/BangchungthepIII.E01.mp4</link>
<thumbnail>http://media.dangcaphd.com/public/6793ac21c3399f638212939db39494b9_thumb.jpg</thumbnail>
</item>

<item>
<title>Bậc Thầy Tình Dục 1 - Masters of Sex - Season 1 - 2013</title>
<link>http://server3.dangcaphd.com/p4R4cDQnzcUagcNa/phimbo/masters.of.sex.s01/masters.of.sex.s01e01.mp4</link>
<thumbnail>http://media.dangcaphd.com/public/4c93237dc6bcb20a9a0cc34f9380b5db_thumb.jpg</thumbnail>
</item>

<item>
<title>Người Gác Đêm - The Night Watchman - 2014 ( 24/24 Tập)</title>
<link>http://server3.dangcaphd.com/p4R4cDQnzcUagcNa/phimbo/The.Night.Watchman.E01/The.Night.Watchman.E01.mp4</link>
<thumbnail>http://media.dangcaphd.com/public/e4f622f82fe8e335e85351d0e71ea09f_thumb.jpg</thumbnail>
</item>

<item>
<title>Hàn Sơn Tiềm Long - 2014 (Lồng tiếng)</title>
<link>http://server3.dangcaphd.com/p4R4cDQnzcUagcNa/phimbo/TVB.Han.Son.Tiem.Long/TVB.Han.Son.Tiem.Long.Ep01.mp4</link>
<thumbnail>http://media.dangcaphd.com/public/c6398a9d25299caa838a8932684bf2c6_thumb.jpg</thumbnail>
</item>

<item>
<title>Dấu Ấn Tử Thần phần 3 - God's Quiz 3 - 2013</title>
<link>http://server3.dangcaphd.com/p4R4cDQnzcUagcNa/phimbo/Gods.Quiz.3.2013/Gods.Quiz.3.2013.E01.mp4</link>
<thumbnail>http://media.dangcaphd.com/public/edaa7b3b3675e045b67228dde06ef32a_thumb.jpg</thumbnail>
</item>

<item>
<title>Cô Dâu Thế Kỷ - Bride Of The Century - 2014</title>
<link>http://server3.dangcaphd.com/p4R4cDQnzcUagcNa/phimbo/Bride.of.the.Century/Bride.of.the.Century.E01.mp4</link>
<thumbnail>http://media.dangcaphd.com/public/d9902c6415b6ebc17f5dc969a9c09b10_thumb.jpg</thumbnail>
</item>

<item>
<title>Cuộc Chiến Nội Cung - 2013 ( 50/50 Tập)</title>
<link>http://server3.dangcaphd.com/p4R4cDQnzcUagcNa/phimbo/CuocChienNoiCung.2013.E01/CuocChienNoiCung.2013.E01.720p-muxed.mp4</link>
<thumbnail>http://media.dangcaphd.com/public/b56fb2bc958d22a101a3bf0a661b8155_thumb.png</thumbnail>
</item>

<item>
<title>Tình Cuối Chân Trời - Roy Ruk Hak Liam Tawan - 2014</title>
<link>http://server3.dangcaphd.com/p4R4cDQnzcUagcNa/phimbo/Tinh.Cuoi.Chan.Troi.E01/Tinh.Cuoi.Chan.Troi.E01.mp4</link>
<thumbnail>http://media.dangcaphd.com/public/55b319f1492562ee58e149ce0010ec0c_thumb.jpg</thumbnail>
</item>

<item>
<title>Chỉ Có Thể Là Yêu - It's Okay, That's Love - 2014</title>
<link>http://server3.dangcaphd.com/p4R4cDQnzcUagcNa/phimbo/Its.Okay.Its.Love/Its.Okay.Its.Love.E01.mp4</link>
<thumbnail>http://media.dangcaphd.com/public/715bf80eea7d3568fcbea74247d4dbec_thumb.jpg</thumbnail>
</item>

<item>
<title>Tình Yêu Tuổi Học Trò - High School Love On - 2014 (20/20 tập)</title>
<link>http://server3.dangcaphd.com/p4R4cDQnzcUagcNa/phimbo/High.School.Love.On/High.School.Love.On.E01.mp4</link>
<thumbnail>http://media.dangcaphd.com/public/806d28ff4a480049536d59c44a62dad0_thumb.jpg</thumbnail>
</item>

<item>
<title>Tình Yêu Bất Tận - Endless Love - 2014 ( 37 Tập END)</title>
<link>http://server3.dangcaphd.com/p4R4cDQnzcUagcNa/phimbo/Endless.Love/Endless.Love.E01.mp4</link>
<thumbnail>http://media.dangcaphd.com/public/a655c43db3481ea513c93fb06141ae81_thumb.jpg</thumbnail>
</item>

<item>
<title>Hướng Mới Cuộc Đời - A New Leaf - 2014</title>
<link>http://server3.dangcaphd.com/p4R4cDQnzcUagcNa/phimbo/A.New.Leaf/A.New.Leaf.E01.mp4</link>
<thumbnail>http://media.dangcaphd.com/public/7e050baffc76ab9ebfabc0b24519148e_thumb.jpg</thumbnail>
</item>

<item>
<title>Vượt Ngục: Phần 4 - Prison Break: Season 4 - 2008</title>
<link>http://server3.dangcaphd.com/p4R4cDQnzcUagcNa/phimbo/Prison.Break.S04/Prison.Break.S04E01-E02.mp4</link>
<thumbnail>http://media.dangcaphd.com/public/540ddac50d7388eba99f9a66758d2081_thumb.jpg</thumbnail>
</item>

<item>
<title>Vượt Ngục: Phần 3 -  Prison Break: Season 3 - 2007</title>
<link>http://server3.dangcaphd.com/p4R4cDQnzcUagcNa/phimbo/Prison.Break.S03/Prison.Break.S03E01.mp4</link>
<thumbnail>http://media.dangcaphd.com/public/206fde0b0ee61915802ab7c4498749d6_thumb.jpg</thumbnail>
</item>

<item>
<title>Bánh Xe Địa Ngục: Phần 3 - Hell on Wheels: Season 3 - 2013</title>
<link>http://server3.dangcaphd.com/p4R4cDQnzcUagcNa/phimbo/Hell.On.Wheels.S03/Hell.On.Wheels.S03E01.mp4</link>
<thumbnail>http://media.dangcaphd.com/public/2d33a23eac7d3ac29a3d4cac3a1031d7_thumb.jpg</thumbnail>
</item>

<item>
<title>Bánh Xe Địa Ngục: Phần 2 - Hell on Wheels: Season 2 - 2012</title>
<link>http://server3.dangcaphd.com/p4R4cDQnzcUagcNa/phimbo/Hell.on.Wheels.S02/Hell.on.Wheels.S02E01.mp4</link>
<thumbnail>http://media.dangcaphd.com/public/7bb9001229c919d40a26fb8661925256_thumb.jpg</thumbnail>
</item>

<item>
<title>Bánh Xe Địa Ngục: Phần 1 -  Hell on Wheels: Season 1 - 2011</title>
<link>http://server3.dangcaphd.com/p4R4cDQnzcUagcNa/phimbo/Hell.on.Wheels.S01/Hell.on.Wheels.S01E01.mp4</link>
<thumbnail>http://media.dangcaphd.com/public/fcf48ac41c1b05e7ab4f3b36d134ac0f_thumb.jpg</thumbnail>
</item>

<item>
<title>Người Đàn Ông Vĩ Đại - Big Man - 2014</title>
<link>http://server3.dangcaphd.com/p4R4cDQnzcUagcNa/phimbo/BigMan/BigMan.E01.mp4</link>
<thumbnail>http://media.dangcaphd.com/public/478ffbd6eaded634b46315c9a9a6dc8e_thumb.jpg</thumbnail>
</item>

<item>
<title>Tình yêu thầm kín - Secret Love - 2013</title>
<link>http://server3.dangcaphd.com/p4R4cDQnzcUagcNa/phimbo/Secret.Love/Secret.Love.2013.EP01-muxed.mp4</link>
<thumbnail>http://media.dangcaphd.com/public/04ea6512eaa1f1ae996ce2dce669d9d7_thumb.jpg</thumbnail>
</item>

<item>
<title>Ghost Bóng Ma - 2012</title>
<link>http://server3.dangcaphd.com/p4R4cDQnzcUagcNa/phimbo/Ghost.Bong.Ma/Ghost.Bong.Ma.E01.720p.HDTV-muxed.mp4</link>
<thumbnail>http://media.dangcaphd.com/public/2152ffbac9ab3b644f2bcd9f019e2269_thumb.jpg</thumbnail>
</item>

<item>
<title>Vượt Ngục: Phần 2 - Prison Break: Season 2 - 2006</title>
<link>http://server3.dangcaphd.com/p4R4cDQnzcUagcNa/phimbo/Prison.Break.S02/Prison.Break.S02E01.mp4</link>
<thumbnail>http://media.dangcaphd.com/public/145347261a363f16b3a1a6fec7aa00df_thumb.jpg</thumbnail>
</item>

<item>
<title>Vượt Ngục - Prison Break Season 1 - 2008</title>
<link>http://server3.dangcaphd.com/p4R4cDQnzcUagcNa/phimbo/Prison.Break.S01/Prison.Break.S01E01.mp4</link>
<thumbnail>http://media.dangcaphd.com/public/f91815ca1418a6b19b6a44297aba689d_thumb.jpg</thumbnail>
</item>

<item>
<title>Mất Tích: Phần 5 -  Lost: Season 5 - 2008</title>
<link>http://server3.dangcaphd.com/p4R4cDQnzcUagcNa/phimbo/Lost.S05/Lost.S05E01.mp4</link>
<thumbnail>http://media.dangcaphd.com/public/94ceb372e20fb7cec9a4cbcb16cee514_thumb.jpg</thumbnail>
</item>

<item>
<title>Mất Tích 4 - Lost - Season 4 - 2008</title>
<link>http://server3.dangcaphd.com/p4R4cDQnzcUagcNa/phimbo/Lost.S04/Lost.S04E01.mp4</link>
<thumbnail>http://media.dangcaphd.com/public/6a62f3360156593df3c88044c12f232d_thumb.jpg</thumbnail>
</item>

<item>
<title>Bố Nuôi Mr.kim - Cheer Up Mr.kim ( 124/124 Tập)</title>
<link>http://server3.dangcaphd.com/p4R4cDQnzcUagcNa/phimbo/Cheer.Up.Mr.Kim.EP01/Cheer.Up.Mr.Kim.EP01.mp4</link>
<thumbnail>http://media.dangcaphd.com/public/b91ce1f11a2203bbd84b8bf6068afcd7_thumb.jpg</thumbnail>
</item>

<item>
<title>Lost: Season 6 - Mất Tích: Phần 6 - 2009 (Trọn Bộ 18 Tập)</title>
<link>http://server3.dangcaphd.com/p4R4cDQnzcUagcNa/phimbo/LostS06E016/Lost.S06E01-E02.mp4</link>
<thumbnail>http://media.dangcaphd.com/public/bdd9415f9b899a3a6d0f31da9663e0ac_thumb.jpg</thumbnail>
</item>

<item>
<title>Power Season 1 - Ông Trùm New York Phần 1 - 2014 (8/8 Tập)</title>
<link>http://server3.dangcaphd.com/p4R4cDQnzcUagcNa/phimbo/power.2014/power.2014.s01e01.mp4</link>
<thumbnail>http://media.dangcaphd.com/public/d9118ae34e37c7faa34f617f71cd9198_thumb.jpg</thumbnail>
</item>

<item>
<title>Lost: Season 1 - Mất Tích: Phần 1 - 2004 (Trọn Bộ 25 Tập)</title>
<link>http://server3.dangcaphd.com/p4R4cDQnzcUagcNa/phimbo/LostS01/LostS01E01.mp4</link>
<thumbnail>http://media.dangcaphd.com/public/ea6db0198514021554af73dcd100ebb2_thumb.JPG</thumbnail>
</item>

