<item>
<title>New Girl: Season 2 - Cô Gái Kỳ Quặc: Phần 2 - 2012 (25/25 Tập)</title>
<link>http://server2.dangcaphd.com/3ZKc7Af3BGZrgWSrNggs/Phim%20Bo/New.Girl.S02/New.Girl.S02E01.mp4</link>
<thumbnail>http://media.dangcaphd.com/public/e67d28817c843cd83e481dc050f42f06_thumb.jpg</thumbnail>
</item>

<item>
<title>New Girl: Season 1 - Cô Gái Kỳ Quặc: Phần 1 - 2011 (Trọn Bộ 24 Tập)</title>
<link>http://server2.dangcaphd.com/3ZKc7Af3BGZrgWSrNggs/Phim%20Bo/New.Girl.S01/New.Girl.S01E01.mp4</link>
<thumbnail>http://media.dangcaphd.com/public/a194bed58e065411de7282759e33c0e1_thumb.jpg</thumbnail>
</item>

<item>
<title>Doctor Who - Season 1 Bác Sĩ Vô Danh 1 - 2005</title>
<link>http://server2.dangcaphd.com/3ZKc7Af3BGZrgWSrNggs/Phim%20Bo/Doctor.Who.2005.S01/Doctor.Who.2005.S01E01.mp4</link>
<thumbnail>http://media.dangcaphd.com/public/7d44bda14528441e492ae4e01e739a70_thumb.jpg</thumbnail>
</item>

<item>
<title>Hannibal: Season 2 - Sát Nhân Máu Lạnh: Phần 2 - 2014 (13/13 Tập)</title>
<link>http://server2.dangcaphd.com/3ZKc7Af3BGZrgWSrNggs/Phim%20Bo/Hannibal.S02/Hannibal.S02E01.mp4</link>
<thumbnail>http://media.dangcaphd.com/public/48ff6c7aa5e2891cb42b172d8808bc52_thumb.jpg</thumbnail>
</item>

<item>
<title>Hannibal: Season 1 - Sát Thủ Máu Lạnh: Phần 1 - 2013 (13/13 Tập)</title>
<link>http://server2.dangcaphd.com/3ZKc7Af3BGZrgWSrNggs/Phim%20Bo/Hannibal.S01/Hannibal.S01E01.mp4</link>
<thumbnail>http://media.dangcaphd.com/public/5e9b4dd75fd11e2081ceb263a220286d_thumb.jpg</thumbnail>
</item>

<item>
<title>Sherlock: Season 3 - Thám Tử Sherlock: Phần 3 - 2013 (03/03 Tập)</title>
<link>http://server2.dangcaphd.com/3ZKc7Af3BGZrgWSrNggs/Phim%20Bo/Sherlock.S03/Sherlock.S03E01.mp4</link>
<thumbnail>http://media.dangcaphd.com/public/08981eff242e8fa7cbb101a93c343b8e_thumb.jpg</thumbnail>
</item>

<item>
<title>Da Vinci's Demons: Season 2 - Những Con Quỷ Của Da Vinci: Phần 2 - 2014</title>
<link>http://server2.dangcaphd.com/3ZKc7Af3BGZrgWSrNggs/Phim%20Bo/Da.Vincis.Demons.S02/Da.Vincis.Demons.S02E01.mp4</link>
<thumbnail>http://media.dangcaphd.com/public/30ca1d153624a9755c48982ae75c6cca_thumb.jpg</thumbnail>
</item>

<item>
<title>Da Vinci's Demons - Những Con Quỷ Của Da Vinci - 2013</title>
<link>http://server2.dangcaphd.com/3ZKc7Af3BGZrgWSrNggs/Phim%20Bo/Da.Vincis.Demons.S01/Da.Vincis.Demons.S01E01.mp4</link>
<thumbnail>http://media.dangcaphd.com/public/d8e7bfe8553e34e6fefa22dcdceba689_thumb.jpg</thumbnail>
</item>

<item>
<title>Sherlock Season 2 - Thám Tử Sherlock Phần 2 - 2012 (3/3 Tập)</title>
<link>http://server2.dangcaphd.com/3ZKc7Af3BGZrgWSrNggs/Phim%20Bo/Sherlock.S02/Sherlock.S02E01.mp4</link>
<thumbnail>http://media.dangcaphd.com/public/db865e95d025722728aa60b1d8108da7_thumb.jpg</thumbnail>
</item>

<item>
<title>Sherlock: Season 1 - Thám Tử Sherlock: Phần 1 - 2010 (3/3 Tập)</title>
<link>http://server2.dangcaphd.com/3ZKc7Af3BGZrgWSrNggs/Phim%20Bo/SherlockS01/SherlockS01E01.mp4</link>
<thumbnail>http://media.dangcaphd.com/public/153c8e47dc1276de0905b5859d9d8a46_thumb.jpg</thumbnail>
</item>

<item>
<title>Cosmos A Space Time Odyssey - Vũ Trụ Kì Diệu Phần 1 - 2014 ( Tập 13/13)</title>
<link>http://server2.dangcaphd.com/3ZKc7Af3BGZrgWSrNggs/Phim%20Bo/Cosmos.A.Space.Time.Odyssey.S01/Cosmos.A.Space.Time.Odyssey.S01E01.mp4</link>
<thumbnail>http://media.dangcaphd.com/public/35702fe2e7734ed206969486882fd107_thumb.jpg</thumbnail>
</item>

<item>
<title>The Following Season 2 - Truy Tìm Sát Nhân Phần 2 - 2014 (15 Tập)</title>
<link>http://server2.dangcaphd.com/3ZKc7Af3BGZrgWSrNggs/Phim%20Bo/The.Following.S02/The.Following.S02E01.mp4</link>
<thumbnail>http://media.dangcaphd.com/public/8d7e2e6b3bd44d77844c91f43b9c62a7_thumb.jpg</thumbnail>
</item>

<item>
<title>The Following Season 1 - Truy Tìm Sát Nhân - 2013 (15/15 tập)</title>
<link>http://server2.dangcaphd.com/3ZKc7Af3BGZrgWSrNggs/Phim%20Bo/The.Following.S01/The.Following.S01E01.mp4</link>
<thumbnail>http://media.dangcaphd.com/public/0fa67200b5014e5c86db7518338ce750_thumb.jpg</thumbnail>
</item>

<item>
<title>Once Upon a Time Season 2 - Ngày Xửa Ngày Xưa  phần 2 - 2012 (22/22 tập)</title>
<link>http://server2.dangcaphd.com/3ZKc7Af3BGZrgWSrNggs/Phim%20Bo/Once.Upon.a.Time.S02/Once.Upon.a.Time.S02E01.mp4</link>
<thumbnail>http://media.dangcaphd.com/public/32b97851f38b61c75b5c63568fdb0ab3_thumb.jpg</thumbnail>
</item>

<item>
<title>Once Upon a Time Season 1 - Ngày Xửa Ngày Xưa  phần 1 - 2011 (22/22 tập)</title>
<link>http://server2.dangcaphd.com/3ZKc7Af3BGZrgWSrNggs/Phim%20Bo/Once.Upon.a.Time.S01/Once.Upon.a.Time.S01E01.mp4</link>
<thumbnail>http://media.dangcaphd.com/public/cc753c8704f4a2c194702a20afbb76e8_thumb.jpg</thumbnail>
</item>

<item>
<title>Marvel's Agents of SHIELD Season 1 - Đặc Vụ SHIELD Phần 1 - 2013 (22/22 Tập)</title>
<link>http://server2.dangcaphd.com/3ZKc7Af3BGZrgWSrNggs/Phim%20Bo/Marvels.Agents.of.S.H.I.E.L.D.S01/Marvels.Agents.of.S.H.I.E.L.D.S01E01.mp4</link>
<thumbnail>http://media.dangcaphd.com/public/8855ddef04d9525ae3762a46f5531ff7_thumb.jpg</thumbnail>
</item>

<item>
<title>Spartacus: Blood and Sand Season 1 - Spartacus: Máu Và Cát - 2010 (13/13 tập)</title>
<link>http://server2.dangcaphd.com/3ZKc7Af3BGZrgWSrNggs/Phim%20Bo/Spartacus.Blood.and.Sand.S01/Spartacus.Blood.and.Sand.S01E01.mp4</link>
<thumbnail>http://media.dangcaphd.com/public/5d1d8f6e4acff9b6d9f58c18b0911a55_thumb.jpg</thumbnail>
</item>

<item>
<title>Spartacus Gods of the Arena Season 2 - Spartacus Chúa Tể Đấu Trường Phần 2 - 2011</title>
<link>http://server2.dangcaphd.com/3ZKc7Af3BGZrgWSrNggs/Phim%20Bo/Spartacus%20Gods%20of%20the%20Arena%20S01/Spartacus.Gods.of.the.Arena.E01.mp4</link>
<thumbnail>http://media.dangcaphd.com/public/b64845b579b69bb9ac2e3fb64d8863e0_thumb.jpg</thumbnail>
</item>

<item>
<title>Castle - Season 6 - Nhà Văn Phá Án 6 - 2013</title>
<link>http://server2.dangcaphd.com/3ZKc7Af3BGZrgWSrNggs/Phim%20Bo/Castle.S06/Castle.2009.S06E01.mp4</link>
<thumbnail>http://media.dangcaphd.com/public/e428f9f7ca5d32a2c1c9a963e88e5ce2_thumb.jpg</thumbnail>
</item>

<item>
<title>Castle Season 5 - Nhà Văn Phá Án Phần 5 - 2012</title>
<link>http://server2.dangcaphd.com/3ZKc7Af3BGZrgWSrNggs/Phim%20Bo/Castle.S05/Castle.S05E01.mp4</link>
<thumbnail>http://media.dangcaphd.com/public/d0b0902aa1a056707af96e73d012d17f_thumb.jpg</thumbnail>
</item>

<item>
<title>Nhà Văn Phá Án: Phần 4 - Castle Season 4 - 2011</title>
<link>http://server2.dangcaphd.com/3ZKc7Af3BGZrgWSrNggs/Phim%20Bo/Castle.S04/Castle.2009.S04E01.mp4</link>
<thumbnail>http://media.dangcaphd.com/public/7c08a0a578677a1bce2c4c04ed568825_thumb.jpg</thumbnail>
</item>

<item>
<title>Nhà Văn Phá Án: Phần 3 - Castle Season 3 - 2010</title>
<link>http://server2.dangcaphd.com/3ZKc7Af3BGZrgWSrNggs/Phim%20Bo/Castle.S03/Castle.2009.S03E01.mp4</link>
<thumbnail>http://media.dangcaphd.com/public/d368cfd3c99ea94caf8c2cb279d389d0_thumb.jpg</thumbnail>
</item>

<item>
<title>Castle Season 2 - Nhà Văn Phá Án Phần 2 - 2009</title>
<link>http://server2.dangcaphd.com/3ZKc7Af3BGZrgWSrNggs/Phim%20Bo/Castle.S02/Castle.2009.S02E01.mp4</link>
<thumbnail>http://media.dangcaphd.com/public/9de6218020a81457a2df18913f2dd375_thumb.jpg</thumbnail>
</item>

<item>
<title>Castle Season 1 - Nhà Văn Phá Án Phần 1 - 2009</title>
<link>http://server2.dangcaphd.com/3ZKc7Af3BGZrgWSrNggs/Phim%20Bo/Castle.S01/Castle.2009.S01E01.mp4</link>
<thumbnail>http://media.dangcaphd.com/public/c5ef2691861406adbb18f4917500462d_thumb.jpg</thumbnail>
</item>

<item>
<title>Best Time - Thời Tươi Đẹp Nhất - 2013</title>
<link>http://server2.dangcaphd.com/3ZKc7Af3BGZrgWSrNggs/Phim%20Bo/Best.Time/Best.Time.E01.mp4</link>
<thumbnail>http://media.dangcaphd.com/public/86fea935d91161aecd6f03c4b2bbe560_thumb.jpg</thumbnail>
</item>

<item>
<title>Believe: Season 1 - Niềm Tin: Phần 1 - 2014 ( 12 Tập)</title>
<link>http://server2.dangcaphd.com/3ZKc7Af3BGZrgWSrNggs/Phim%20Bo/Believe.S01/Believe.S01E01.mp4</link>
<thumbnail>http://media.dangcaphd.com/public/65b110f89a83b1d971525914fb66e961_thumb.jpg</thumbnail>
</item>

<item>
<title>BBC Wild China - Trung Quốc hoang dã - 2013</title>
<link>http://server2.dangcaphd.com/3ZKc7Af3BGZrgWSrNggs/Phim%20Bo/BBC.Wild.China/BBC.Wild.China.E01.mp4</link>
<thumbnail>http://media.dangcaphd.com/public/9a7dbfca68dac383556ca5b7c900f431_thumb.jpg</thumbnail>
</item>

<item>
<title>American Horror Story Season 3 - Ngôi Nhà Ma Ám Phần 3 - 2013</title>
<link>http://server2.dangcaphd.com/3ZKc7Af3BGZrgWSrNggs/Phim%20Bo/American.Horror.Story.S03/American.Horror.Story.S03E01.mp4</link>
<thumbnail>http://media.dangcaphd.com/public/f51998b5b90e85946462db7ae36eb2b2_thumb.jpg</thumbnail>
</item>

<item>
<title>American Horror Story Season 2 - Ngôi Nhà Ma Ám Phần 2 - 2012</title>
<link>http://server2.dangcaphd.com/3ZKc7Af3BGZrgWSrNggs/Phim%20Bo/American.Horror.Story.S02/American.Horror.Story.S02E01.mp4</link>
<thumbnail>http://media.dangcaphd.com/public/35d2caf9160242a82ed018f3f6df3f03_thumb.jpg</thumbnail>
</item>

<item>
<title>American Horror Story Season 1 - Ngôi Nhà Ma Ám Phần 1 - 2011</title>
<link>http://server2.dangcaphd.com/3ZKc7Af3BGZrgWSrNggs/Phim%20Bo/American.Horror.Story.S01/American.Horror.Story.S01E01.mp4</link>
<thumbnail>http://media.dangcaphd.com/public/17b128b27a95c95e69dcf27f397f2468_thumb.jpg</thumbnail>
</item>

<item>
<title>A Bite Of China - Các Món Ăn Ngon Trung Quốc - 2012</title>
<link>http://server2.dangcaphd.com/3ZKc7Af3BGZrgWSrNggs/Phim%20Bo/A.Bite.of.China/CCTV.A.Bite.of.China.7of7.mp4</link>
<thumbnail>http://media.dangcaphd.com/public/cf6f8a8a9c6960e357739af639638e02_thumb.jpg</thumbnail>
</item>

<item>
<title>Star-Crossed - Định Mệnh - 2014</title>
<link>http://server2.dangcaphd.com/3ZKc7Af3BGZrgWSrNggs/Phim%20Bo/Star.Crossed.S01/Star-Crossed.S01E01.mp4</link>
<thumbnail>http://media.dangcaphd.com/public/519026c910f3802e871b5af107481e12_thumb.jpg</thumbnail>
</item>

<item>
<title>Continuum Season 2 - Cổng Thời Gian Phần 2 - 2013 (13/13 Tập)</title>
<link>http://server2.dangcaphd.com/3ZKc7Af3BGZrgWSrNggs/Phim%20Bo/Continuum.S02/Continuum.S02E01.mp4</link>
<thumbnail>http://media.dangcaphd.com/public/8a57fcd5e28274137cddd6051cd96f4f_thumb.jpg</thumbnail>
</item>

<item>
<title>Continuum: Season 1 - Cổng Thời Gian: Phần 1 - 2012 (10/10 Tập)</title>
<link>http://server2.dangcaphd.com/3ZKc7Af3BGZrgWSrNggs/Phim%20Bo/Continuum.S01/Continuum.S01E01.mp4</link>
<thumbnail>http://media.dangcaphd.com/public/ffc8f38b1efe4ec5ca1568c0dcbf7575_thumb.jpg</thumbnail>
</item>

<item>
<title>The Vampire Diaries - Season 5 - Nhật Ký Ma Cà Rồng 5 - 2013 (22/24 TẬP)</title>
<link>http://server2.dangcaphd.com/3ZKc7Af3BGZrgWSrNggs/Phim%20Bo/The.Vampire.Diaries.S05/The.Vampire.Diaries.S05E01.mp4</link>
<thumbnail>http://media.dangcaphd.com/public/978af15a3b32a08eeb802c6b519e9d9e_thumb.jpg</thumbnail>
</item>

