<item>
<title>Vân Sơn 33</title>
<link>http://server3.dangcaphd.com/p4R4cDQnzcUagcNa/Vanson/VanSon33-MaunhuombenThuongHai(InShanghai)D1DVD9_0_298.mp4</link>
<thumbnail>http://media.dangcaphd.com/public/d35223ecf6ab6c4d66259bdee928d07b_thumb.jpg</thumbnail>
</item>

<item>
<title>Vân Sơn 32</title>
<link>http://server3.dangcaphd.com/p4R4cDQnzcUagcNa/Vanson/VanSon32-DownUnderD1DVD9_0_296.mp4</link>
<thumbnail>http://media.dangcaphd.com/public/d4e1e44674a5f89f14295c6096d2562e_thumb.jpg</thumbnail>
</item>

<item>
<title>Vân Sơn 31</title>
<link>http://server3.dangcaphd.com/p4R4cDQnzcUagcNa/Vanson/VanSon31-InPhilippinesVaNguoiVietConLaiDVD5Disc01_0_298.mp4</link>
<thumbnail>http://media.dangcaphd.com/public/3875221d2647260594f22de891fbb792_thumb.jpg</thumbnail>
</item>

<item>
<title>Vân sơn 47</title>
<link>http://server3.dangcaphd.com/p4R4cDQnzcUagcNa/Vanson/Van.Son.47.DVD9.Disc1_0_299.mp4</link>
<thumbnail>http://media.dangcaphd.com/public/c9215208352586e388ffffc58d0dd1d5_thumb.jpg</thumbnail>
</item>

<item>
<title>Paris By Night 101</title>
<link>http://server3.dangcaphd.com/p4R4cDQnzcUagcNa/ThuyNga/Thuy.Nga.101_HanhPhucDauNam_0_299.mp4</link>
<thumbnail>http://media.dangcaphd.com/public/25caefadc66a606478f9f241a4c012f0_thumb.jpg</thumbnail>
</item>

<item>
<title>Paris By Night 96</title>
<link>http://server3.dangcaphd.com/p4R4cDQnzcUagcNa/ThuyNga/Thuy.Nga.96.Nhac.Yeu.Cau.2.Disk01_0_298.mp4</link>
<thumbnail>http://media.dangcaphd.com/public/057777a751ec31491c55131c7dc1c398_thumb.jpg</thumbnail>
</item>

<item>
<title>Paris By Night 102</title>
<link>http://server3.dangcaphd.com/p4R4cDQnzcUagcNa/ThuyNga/Thuy.Nga.102_Nhacyeucau-tinhcalamphuong_0_298.mp4</link>
<thumbnail>http://media.dangcaphd.com/public/8bd1ee6ed4db23a0dec334264bb8728f_thumb.jpg</thumbnail>
</item>

<item>
<title>Paris By Night 103</title>
<link>http://server3.dangcaphd.com/p4R4cDQnzcUagcNa/ThuyNga/Thuy.Nga.103_TinhsutrongamnhacViet_0_299.mp4</link>
<thumbnail>http://media.dangcaphd.com/public/70411d5de6c7597deb47d0ee74bdab95_thumb.png</thumbnail>
</item>

<item>
<title>Paris By Night 95</title>
<link>http://server3.dangcaphd.com/p4R4cDQnzcUagcNa/ThuyNga/Thuy.Nga.95.25th.Anniversary.Disc1_0_299.mp4</link>
<thumbnail>http://media.dangcaphd.com/public/9be9af3dcd660119a41978172da64008_thumb.jpg</thumbnail>
</item>

<item>
<title>Paris By Night 93</title>
<link>http://server3.dangcaphd.com/p4R4cDQnzcUagcNa/ThuyNga/Thuy.Nga.94.25th.Anniversary.Disc1_0_296.mp4</link>
<thumbnail>http://media.dangcaphd.com/public/6ead6be73772bd5ce388ce427108aabb_thumb.jpg</thumbnail>
</item>

<item>
<title>Paris By Night 93</title>
<link>http://server3.dangcaphd.com/p4R4cDQnzcUagcNa/ThuyNga/Thuy.Nga.93.Celebrity.Dancing.disc1_0_298.mp4</link>
<thumbnail>http://media.dangcaphd.com/public/ff8cc2602087e0724a6272151f9ef197_thumb.jpg</thumbnail>
</item>

<item>
<title>Paris By Night 92</title>
<link>http://server3.dangcaphd.com/p4R4cDQnzcUagcNa/ThuyNga/Thuy.Nga.92.Nhac.Yeu.Cau.Disk1_0_299.mp4</link>
<thumbnail>http://media.dangcaphd.com/public/8541e18dd0cc4054902ee55a5956ed77_thumb.jpg</thumbnail>
</item>

<item>
<title>Paris By Night 91</title>
<link>http://server3.dangcaphd.com/p4R4cDQnzcUagcNa/ThuyNga/Thuy.Nga.91.Hue.Saigon.Hanoi.Disk01_0_297.mp4</link>
<thumbnail>http://media.dangcaphd.com/public/7b6a103f614145e71b44e5b02bd9dfd9_thumb.jpg</thumbnail>
</item>

<item>
<title>Sleepy Hollow Season 2 - Kỵ Sĩ Không Đầu Phần 2 - 2014 (08/13 Tập)</title>
<link>http://server3.dangcaphd.com/p4R4cDQnzcUagcNa/phimbo0710/Sleepy.Hollow.S02/Sleepy.Hollow.S02E01.mp4</link>
<thumbnail>http://media.dangcaphd.com/public/a01d07ee1f54a8219e946c1db99c39a7_thumb.jpg</thumbnail>
</item>

<item>
<title>Scorpion Season 1 - Thiên Tài Lập Dị Phần 1 - 2014 (15 Tập)</title>
<link>http://server3.dangcaphd.com/p4R4cDQnzcUagcNa/phimbo0710/Scorpion.S01/Scorpion.S01E01.mp4</link>
<thumbnail>http://media.dangcaphd.com/public/caca0d820d88a691e6a41e346c23a553_thumb.jpg</thumbnail>
</item>

<item>
<title>Revenge Season 4 - Báo Thù Phần 4 - 2014</title>
<link>http://server3.dangcaphd.com/p4R4cDQnzcUagcNa/phimbo0710/Revenge.S04/Revenge.S04E01.mp4</link>
<thumbnail>http://media.dangcaphd.com/public/9d8c760ca90aed4c8bd4c6c97a948e74_thumb.jpg</thumbnail>
</item>

<item>
<title>Red Band Society Season 1 - Hội Vòng Đỏ Phần 1 - 2014 ( 8 Tập)</title>
<link>http://server3.dangcaphd.com/p4R4cDQnzcUagcNa/phimbo0710/red.band.society.s01/red.band.society.s01e01.mp4</link>
<thumbnail>http://media.dangcaphd.com/public/baf2a5a80e7f826afe7c418a1af23ca3_thumb.jpg</thumbnail>
</item>

<item>
<title>Person of Interest Season 4 - Kẻ Tình Nghi Phần 4 - 2014 (10/23 Tập)</title>
<link>http://server3.dangcaphd.com/p4R4cDQnzcUagcNa/phimbo0710/Person.of.Interest.S04/Person.of.Interest.S04E01.mp4</link>
<thumbnail>http://media.dangcaphd.com/public/210e1c54376d19a23959c8c47ea64d09_thumb.jpg</thumbnail>
</item>

<item>
<title>Once Upon a Time Season 4 - Ngày Xửa Ngày Xưa Phần 4 - 2014 ( 12/12 Tập)</title>
<link>http://server3.dangcaphd.com/p4R4cDQnzcUagcNa/phimbo0710/Once.Upon.a.Time.S04/Once.Upon.a.Time.S04E01.mp4</link>
<thumbnail>http://media.dangcaphd.com/public/f5a4d463b1811c686e85a98e5773f754_thumb.jpg</thumbnail>
</item>

<item>
<title>New Girl Season 4 - Cô Gái Kỳ Quặc Phần 4 - 2014 (08/23 Tập)</title>
<link>http://server3.dangcaphd.com/p4R4cDQnzcUagcNa/phimbo0710/New.Girl.S04/New.Girl.S04E01.mp4</link>
<thumbnail>http://media.dangcaphd.com/public/e874254b4ae6c91a7bc21c60947aec43_thumb.jpg</thumbnail>
</item>

<item>
<title>Bệnh Viện Thứ 3 - 2012 ( Trọn bộ 20 tập )</title>
<link>http://server3.dangcaphd.com/p4R4cDQnzcUagcNa/phimbo0710/The.3rd.Hospital.01/The.3rd.Hospital.01.mp4</link>
<thumbnail>http://media.dangcaphd.com/public/2fb7bdfa2afca71f1621779cf8a6c050_thumb.jpg</thumbnail>
</item>

<item>
<title>Marvel's Agents of S.H.I.E.L.D Season 2 - Đặc Vụ S.H.I.E.L.D Phần 2 - 2014 (10/22 Tập)</title>
<link>http://server3.dangcaphd.com/p4R4cDQnzcUagcNa/phimbo0710/Marvels.Agents.of.S.H.I.E.L.D.S02/Marvels.Agents.of.S.H.I.E.L.D.S02E01.mp4</link>
<thumbnail>http://media.dangcaphd.com/public/b0102b5db93b34364b91cfff764bf249_thumb.jpg</thumbnail>
</item>

<item>
<title>Sóng Gió Bạch Gia - The War Of The Beauties - 2013</title>
<link>http://server3.dangcaphd.com/p4R4cDQnzcUagcNa/phimbo0710/SongGioBachGia.2013/SongGioBachGia.2013.E01.mp4</link>
<thumbnail>http://media.dangcaphd.com/public/cba6ba5b9c1077b839c59ea500ffa72b_thumb.jpg</thumbnail>
</item>

<item>
<title>Legends Season 1 - Legends Phần 1 - 2014 (10/10 Tập)</title>
<link>http://server3.dangcaphd.com/p4R4cDQnzcUagcNa/phimbo0710/Legends.2014.S01/Legends.2014.S01E01.mp4</link>
<thumbnail>http://media.dangcaphd.com/public/5515ac19501d501f0156496d13af082e_thumb.jpg</thumbnail>
</item>

<item>
<title>Stalker Season 1 - Kẻ Rình Rập Phần 1 - 2014 (06/07 Tập)</title>
<link>http://server3.dangcaphd.com/p4R4cDQnzcUagcNa/phimbo0710/Stalker.S01/Stalker.S01E01.mp4</link>
<thumbnail>http://media.dangcaphd.com/public/e222e715dd4961dde1a6559701bf99cd_thumb.jpg</thumbnail>
</item>

<item>
<title>The Blacklist Season 2 - Bản Danh Sách Đen Phần 2 - 2014 (07/22 Tập)</title>
<link>http://server3.dangcaphd.com/p4R4cDQnzcUagcNa/phimbo0710/The.Blacklist.S02/The.Blacklist.S02E01.mp4</link>
<thumbnail>http://media.dangcaphd.com/public/d572089ae27d90b489367338b703f528_thumb.jpg</thumbnail>
</item>

<item>
<title>The Vampire Diaries Season 6 - Nhật Ký Ma Cà Rồng Phần 6 - 2014 (11/22 Tập)</title>
<link>http://server3.dangcaphd.com/p4R4cDQnzcUagcNa/phimbo0710/The.Vampire.Diaries.S06/The.Vampire.Diaries.S06E01.mp4</link>
<thumbnail>http://media.dangcaphd.com/public/d4b5c81788b427dd6adbbf9a93e95001_thumb.jpg</thumbnail>
</item>

<item>
<title>Z Nation Season 1 - Cuộc Chiến Zombie Phần 1 - 2014 (13/13 Tập)</title>
<link>http://server3.dangcaphd.com/p4R4cDQnzcUagcNa/phimbo0710/Z.Nation.S01E01/Z.Nation.S01E01.mp4</link>
<thumbnail>http://media.dangcaphd.com/public/3a8d4b04e312e970d001da900d3d0182_thumb.jpg</thumbnail>
</item>

<item>
<title>Gotham Season 1 - Thành Phố Tội Lỗi Phần 1 - 2014 (13/13 Tập)</title>
<link>http://server3.dangcaphd.com/p4R4cDQnzcUagcNa/phimbo0710/Gotham.S01/Gotham.S01E01.mp4</link>
<thumbnail>http://media.dangcaphd.com/public/e77ed3f2a10c12866338a5646ba5cc1d_thumb.jpg</thumbnail>
</item>

<item>
<title>Paris By Night 97</title>
<link>http://server3.dangcaphd.com/p4R4cDQnzcUagcNa/ThuyNga/Thuy.Nga.97.Celebrity.Dancing.P2.Disc1_0_299.mp4</link>
<thumbnail>http://media.dangcaphd.com/public/7886244ab986dcfab480044bdb749549_thumb.jpg</thumbnail>
</item>

<item>
<title>Paris By Night 98</title>
<link>http://server3.dangcaphd.com/p4R4cDQnzcUagcNa/ThuyNga/Thuy.Nga.98.Fly.with.US.to.Las.Vegas.Disc01_0_291.mp4</link>
<thumbnail>http://media.dangcaphd.com/public/7f87b3446d27bd492d2f170ed0080f83_thumb.jpg</thumbnail>
</item>

<item>
<title>Paris By Night 99</title>
<link>http://server3.dangcaphd.com/p4R4cDQnzcUagcNa/ThuyNga/Thuy.Nga.99,5.Divas.Disc01_0_294.mp4</link>
<thumbnail>http://media.dangcaphd.com/public/17d11e0af5b18bb18e7a6ad4f2c1836e_thumb.jpg</thumbnail>
</item>

<item>
<title>Paris By Night 100</title>
<link>http://server3.dangcaphd.com/p4R4cDQnzcUagcNa/ThuyNga/Thuy.Nga.100.Ghi.Nho.Mot.Chang.Duong..Disk01_0_297.mp4</link>
<thumbnail>http://media.dangcaphd.com/public/0feecffe0e7a835f51e33cfc9b0808e0_thumb.png</thumbnail>
</item>

<item>
<title>Vân Sơn 48</title>
<link>http://server3.dangcaphd.com/p4R4cDQnzcUagcNa/Vanson/VAN_SON_48_DISC01_0_299.mp4</link>
<thumbnail>http://media.dangcaphd.com/public/c98d8c58f4360e8d4c37e593fef04786_thumb.jpg</thumbnail>
</item>

<item>
<title>Vân Sơn 49</title>
<link>http://server3.dangcaphd.com/p4R4cDQnzcUagcNa/Vanson/Van.Son.49.In.New.York.Mot.Thoi.De.Yeu.DVD9.Disc1_0_297.mp4</link>
<thumbnail>http://media.dangcaphd.com/public/b8ac6fca1861bef9f3a2f594a78c475a_thumb.jpg</thumbnail>
</item>

