<item>
<title>Vân Sơn 21</title>
<link>http://server3.dangcaphd.com/p4R4cDQnzcUagcNa/Vanson/VanSon21-HoahauVietNamthegioi_0_295.mp4</link>
<thumbnail>http://media.dangcaphd.com/public/6611d790cf7a25c4db587ccc329864d9_thumb.jpg</thumbnail>
</item>

<item>
<title>Vân Sơn 39</title>
<link>http://server3.dangcaphd.com/p4R4cDQnzcUagcNa/Vanson/VanSon39-MeVaQueHuongD1DVD9_0_293.mp4</link>
<thumbnail>http://media.dangcaphd.com/public/cbe668069d8e461fd40575151baccd14_thumb.PNG</thumbnail>
</item>

<item>
<title>Vân Sơn 40</title>
<link>http://server3.dangcaphd.com/p4R4cDQnzcUagcNa/Vanson/VanSon40-Nhungchuyentinhbattu(InDallas)D1DVD9_0_296.mp4</link>
<thumbnail>http://media.dangcaphd.com/public/6b6a127427a556fe9c19ebf41c84eda0_thumb.jpg</thumbnail>
</item>

<item>
<title>Vân Sơn 41</title>
<link>http://server3.dangcaphd.com/p4R4cDQnzcUagcNa/Vanson/VanSon41-QueHuongGapLaiD1DVD9_0_297.mp4</link>
<thumbnail>http://media.dangcaphd.com/public/77acad1ab885c35ec7ae08da5de8f090_thumb.jpg</thumbnail>
</item>

<item>
<title>Vân Sơn 43</title>
<link>http://server3.dangcaphd.com/p4R4cDQnzcUagcNa/Vanson/VanSon43-NhungCungDieuQueMinhD1DVD9_0_299.mp4</link>
<thumbnail>http://media.dangcaphd.com/public/f4f0dac3c9427d43abb1f4791ccfe896_thumb.jpg</thumbnail>
</item>

<item>
<title>Vân Sơn 44</title>
<link>http://server3.dangcaphd.com/p4R4cDQnzcUagcNa/Vanson/VanSon44-D1DVD9_0_298.mp4</link>
<thumbnail>http://media.dangcaphd.com/public/dbcc453dae3681f7e1d305becc851ceb_thumb.jpg</thumbnail>
</item>

<item>
<title>Vân Sơn 45</title>
<link>http://server3.dangcaphd.com/p4R4cDQnzcUagcNa/Vanson/VanSon45-InMinnesotaHuyenThoaiD1DVD9_0_295.mp4</link>
<thumbnail>http://media.dangcaphd.com/public/0b80ceb63feb01c5203a4e88e93a4a00_thumb.jpg</thumbnail>
</item>

<item>
<title>Vân Sơn 46</title>
<link>http://server3.dangcaphd.com/p4R4cDQnzcUagcNa/Vanson/VanSon46-GiuTronTinhQueD1DVD9_0_299.mp4</link>
<thumbnail>http://media.dangcaphd.com/public/6317a6a54542ca69e6782e035d1666e4_thumb.jpg</thumbnail>
</item>

<item>
<title>Vân Sơn 38</title>
<link>http://server3.dangcaphd.com/p4R4cDQnzcUagcNa/Vanson/VanSon38-DemHoiNgoD1DVD9_0_299.mp4</link>
<thumbnail>http://media.dangcaphd.com/public/dee6b4ad6cfb84194724a086e8d58dd6_thumb.PNG</thumbnail>
</item>

<item>
<title>Vân Sơn 37</title>
<link>http://server3.dangcaphd.com/p4R4cDQnzcUagcNa/Vanson/VanSon37-TheKingdomofCambodiaD1DVD9_0_297.mp4</link>
<thumbnail>http://media.dangcaphd.com/public/8ba26b8a67e6cd30ef90a61a79f959bb_thumb.jpg</thumbnail>
</item>

<item>
<title>Vân Sơn 36</title>
<link>http://server3.dangcaphd.com/p4R4cDQnzcUagcNa/Vanson/VanSon36-NguoiViettrenxuDaiLoanD1DVD9_0_296.mp4</link>
<thumbnail>http://media.dangcaphd.com/public/135c2aa0b684a994cd9976f6125f1430_thumb.jpg</thumbnail>
</item>

<item>
<title>Vân Sơn 35</title>
<link>http://server3.dangcaphd.com/p4R4cDQnzcUagcNa/Vanson/VanSon35-TinhnguoivienxuD1DVD9_0_299.mp4</link>
<thumbnail>http://media.dangcaphd.com/public/16e63c15653397834fd7e65482fdfbde_thumb.jpg</thumbnail>
</item>

<item>
<title>Vân Sơn 34</title>
<link>http://server3.dangcaphd.com/p4R4cDQnzcUagcNa/Vanson/VanSon34-QuehuongvungtroikyniemD1DVD5_0_297.mp4</link>
<thumbnail>http://media.dangcaphd.com/public/355dc736dd49c49c646b7bb691d6c57b_thumb.PNG</thumbnail>
</item>

<item>
<title>Vân Sơn 25</title>
<link>http://server3.dangcaphd.com/p4R4cDQnzcUagcNa/Vanson/VanSon25-HoahauVietNamthegioilanII(InHouston)D1DVD9_0_299.mp4</link>
<thumbnail>http://media.dangcaphd.com/public/49ee06217a95df34d3fdb6da59c3bb82_thumb.jpg</thumbnail>
</item>

<item>
<title>Vân Sơn 26</title>
<link>http://server3.dangcaphd.com/p4R4cDQnzcUagcNa/Vanson/VanSon26-NangLaD1DVD9_0_298.mp4</link>
<thumbnail>http://media.dangcaphd.com/public/e3c6110c8f0b9c7ae1e9f94d72a92578_thumb.jpg</thumbnail>
</item>

<item>
<title>Vân Sơn 27</title>
<link>http://server3.dangcaphd.com/p4R4cDQnzcUagcNa/Vanson/VanSon27-inLittleSG_D1_0_297.mp4</link>
<thumbnail>http://media.dangcaphd.com/public/188ab6e8efdfca165a6173f4932147c9_thumb.PNG</thumbnail>
</item>

<item>
<title>Vân Sơn 28</title>
<link>http://server3.dangcaphd.com/p4R4cDQnzcUagcNa/Vanson/VanSon28-VanSonInMelbourneD1DVD9_0_298.mp4</link>
<thumbnail>http://media.dangcaphd.com/public/fcaaaf316976eae1131214d885a9da30_thumb.jpg</thumbnail>
</item>

<item>
<title>Vân Sơn 29</title>
<link>http://server3.dangcaphd.com/p4R4cDQnzcUagcNa/Vanson/VanSon29-InTokyoD1(DVD5)_0_298.mp4</link>
<thumbnail>http://media.dangcaphd.com/public/ed8e31856828adf5ee00e7984c8d1766_thumb.jpg</thumbnail>
</item>

<item>
<title>Vân Sơn 30</title>
<link>http://server3.dangcaphd.com/p4R4cDQnzcUagcNa/Vanson/Van.Son.30.Van.Son.In.Little.Sai.Gon.2.DVD9.Disc1_0_295.mp4</link>
<thumbnail>http://media.dangcaphd.com/public/8da7fa251ef556bdd95640fe08fbcc4b_thumb.jpg</thumbnail>
</item>

<item>
<title>Khách Sạn Bí Ẩn - My Secret Hotel - 2014 (16/16 Tập)</title>
<link>http://server3.dangcaphd.com/p4R4cDQnzcUagcNa/phimbo2014/My.Secret.Hotel.E01/My.Secret.Hotel.E01.mp4</link>
<thumbnail>http://media.dangcaphd.com/public/eb0ecc06638bab9ef392c31f314fb5a3_thumb.jpg</thumbnail>
</item>

<item>
<title>Homeland Season 4 - Tổ Quốc Phần 4 - 2014 (12/12 Tập)</title>
<link>http://server3.dangcaphd.com/p4R4cDQnzcUagcNa/phimbo0710/Homeland.S04/Homeland.S04E01E02.mp4</link>
<thumbnail>http://media.dangcaphd.com/public/af658ec015dfeef64a9e2af0da8e8554_thumb.jpg</thumbnail>
</item>

<item>
<title>Sứ Đồ Hành Giả - 2014 - Thuyết Minh (Tập 30)</title>
<link>http://server3.dangcaphd.com/p4R4cDQnzcUagcNa/phimbo2014/SuDoHanhGia(TM)/Su.Do.Hanh.Gia.EP01.mp4</link>
<thumbnail>http://media.dangcaphd.com/public/eac47fd003d39b7ae71b00db7c4e474b_thumb.jpg</thumbnail>
</item>

<item>
<title>Forever Us Season 1 - Anh Chàng Bất Tử Phần 1 - 2014 (12/24 Tập)</title>
<link>http://server3.dangcaphd.com/p4R4cDQnzcUagcNa/phimbo0710/Forever.2014.S01/Forever.2014.S01E01.mp4</link>
<thumbnail>http://media.dangcaphd.com/public/f6e428a3f5f356a781580bf6b0314a03_thumb.jpg</thumbnail>
</item>

<item>
<title>Resurrection Us Season 2 - Hồi Sinh Phần 2 - 2014 (13/13 Tập)</title>
<link>http://server3.dangcaphd.com/p4R4cDQnzcUagcNa/phimbo0710/Resurrection.US.S02/Resurrection.US.S02E01.mp4</link>
<thumbnail>http://media.dangcaphd.com/public/0d73d629e44c8923e21e50bf67e74608_thumb.jpg</thumbnail>
</item>

<item>
<title>Reign Season 2 - Bí Mật Vương Triều Phần 2 - 2014 (10/22 Tập)</title>
<link>http://server3.dangcaphd.com/p4R4cDQnzcUagcNa/phimbo0710/reign.s02/reign.s02e01.mp4</link>
<thumbnail>http://media.dangcaphd.com/public/b229809a8ccc2dd79338d9ab2f0dd366_thumb.jpg</thumbnail>
</item>

<item>
<title>The Knick: Season 1 - Bệnh Viện Knick: Phần 1 - 2014 (01/10 Tập)</title>
<link>http://server3.dangcaphd.com/p4R4cDQnzcUagcNa/phimbo0710/The.Knick.S01/The.Knick.S01E01.mp4</link>
<thumbnail>http://media.dangcaphd.com/public/e3dac3f43a89c7e207085749b922090c_thumb.jpg</thumbnail>
</item>

<item>
<title>Paris By Night 82</title>
<link>http://server3.dangcaphd.com/p4R4cDQnzcUagcNa/ThuyNga/Thuy.Nga.82.Tieu.Vuong.Hoi.Disk1_0_298.mp4</link>
<thumbnail>http://media.dangcaphd.com/public/04f660034150ed4486c0ad9d9f730ab0_thumb.jpg</thumbnail>
</item>

<item>
<title>Paris By Night 83</title>
<link>http://server3.dangcaphd.com/p4R4cDQnzcUagcNa/ThuyNga/Thuy.Nga.83.Nhung.Khuc.Hat.An.Tinh.Disk01_0_299.mp4</link>
<thumbnail>http://media.dangcaphd.com/public/04bc9a38a502fb5970119f40d07dbe4c_thumb.jpg</thumbnail>
</item>

<item>
<title>Paris By Night 84</title>
<link>http://server3.dangcaphd.com/p4R4cDQnzcUagcNa/ThuyNga/Thuy.Nga.84.Am.Nhac.Va.Thoi.Trang.Disk1_0_299.mp4</link>
<thumbnail>http://media.dangcaphd.com/public/be6be335d59c63562ca49cbd27a17c1c_thumb.jpg</thumbnail>
</item>

<item>
<title>Paris By Night 85</title>
<link>http://server3.dangcaphd.com/p4R4cDQnzcUagcNa/ThuyNga/Thuy.Nga.85.Xuan.Trong.Ky.Niem.Disk1_0_298.mp4</link>
<thumbnail>http://media.dangcaphd.com/public/e6b0e86a8290d1e921d4a219f54c3873_thumb.jpg</thumbnail>
</item>

<item>
<title>Paris By Night 86</title>
<link>http://server3.dangcaphd.com/p4R4cDQnzcUagcNa/ThuyNga/Thuy.Nga.86.Talent.Show.Giai.Ban.Ket.Disk01_0_297.mp4</link>
<thumbnail>http://media.dangcaphd.com/public/285ba808de4c57abac493ec9042b0ffb_thumb.jpg</thumbnail>
</item>

<item>
<title>Paris By Night 87</title>
<link>http://server3.dangcaphd.com/p4R4cDQnzcUagcNa/ThuyNga/Thuy.Nga.87.Talent.Show.Giai.Chung.Ket.Disk01_0_298.mp4</link>
<thumbnail>http://media.dangcaphd.com/public/02313ab5f3e561bf027d9447994c1fd5_thumb.jpg</thumbnail>
</item>

<item>
<title>Paris By Night 89</title>
<link>http://server3.dangcaphd.com/p4R4cDQnzcUagcNa/ThuyNga/Thuy.Nga.89.In.Korea.Disk1_0_299.mp4</link>
<thumbnail>http://media.dangcaphd.com/public/16cf36269c0d67986a31d03e0ce44cf6_thumb.jpg</thumbnail>
</item>

<item>
<title>Paris By Night 90</title>
<link>http://server3.dangcaphd.com/p4R4cDQnzcUagcNa/ThuyNga/Thuy.Nga.90.Chan.Dung.Nguoi.Phu.Nu.Viet.Nam.Disk01_0_292.mp4</link>
<thumbnail>http://media.dangcaphd.com/public/4ec8607d45211d8456ccac1155933a1f_thumb.jpg</thumbnail>
</item>

<item>
<title>Paris By Night 81: Âm Nhạc Không Biên Giới 2</title>
<link>http://server3.dangcaphd.com/p4R4cDQnzcUagcNa/ThuyNga/Thuy.Nga.81.Am.Nhac.Khong.Bien.Gioi.2.Disk01_0_297.mp4</link>
<thumbnail>http://media.dangcaphd.com/public/65c649a7c9cf56d7c9e8e2f8f4247d8d_thumb.jpg</thumbnail>
</item>

