<item>
<title>Salem: Season 1 - Thị Trấn Phù Thủy: Phần 1 - 2014 (13/13 Tập)</title>
<link>http://server2.dangcaphd.com/3ZKc7Af3BGZrgWSrNggs/Phim%20Bo/Salem.S01/Salem.S01E01.mp4</link>
<thumbnail>http://media.dangcaphd.com/public/475518e86c7516bf8f15fc20d9e10534_thumb.jpg</thumbnail>
</item>

<item>
<title>Game of Thrones: Season 3 - Cuộc Chiến Ngai Vàng: Phần 3 - 2013</title>
<link>http://server2.dangcaphd.com/3ZKc7Af3BGZrgWSrNggs/Phim%20Bo/Game.of.Thrones.S03/Game.of.Thrones.S03E01.mp4</link>
<thumbnail>http://media.dangcaphd.com/public/b1491ad9ede4ed994d166cca50c9a730_thumb.jpg</thumbnail>
</item>

<item>
<title>Vikings: Season 2 - Người Vikings Dũng Mãnh: Season 2 - 2014(09/12 Tập)</title>
<link>http://server2.dangcaphd.com/3ZKc7Af3BGZrgWSrNggs/Phim%20Bo/Vikings.S02/Vikings.S02E01.mp4</link>
<thumbnail>http://media.dangcaphd.com/public/11b6aa1ef79d1d647d65e4e648ac9a2a_thumb.jpg</thumbnail>
</item>

<item>
<title>Intelligence - Season 1 - Trí Tuệ Nhân Tạo 1 (11/12 Tập)</title>
<link>http://server2.dangcaphd.com/3ZKc7Af3BGZrgWSrNggs/Phim%20Bo/Intelligence.US.S01/Intelligence.US.S01E01.mp4</link>
<thumbnail>http://media.dangcaphd.com/public/d26317ea7a512ecbd3aef24a46e89f35_thumb.jpg</thumbnail>
</item>

<item>
<title>Tiểu Hoà Thượng Thiếu Lâm - Smart Little Kong Kong FFVN - 2013</title>
<link>http://server2.dangcaphd.com/3ZKc7Af3BGZrgWSrNggs/Phim%20Bo/Tieu%20Hoa%20Thuong%20Thieu%20Lam/Smart%20Little%20Kong%20Kong%20-%20Ep%201-muxed.mp4</link>
<thumbnail>http://media.dangcaphd.com/public/5dec5c1b5a7f3fd32cefa8eeaa1f9713_thumb.jpg</thumbnail>
</item>

<item>
<title>Dads: Season 1 - Những Ông Bố: Phần 1 - 2013 (18/18 Tập)</title>
<link>http://server2.dangcaphd.com/3ZKc7Af3BGZrgWSrNggs/Phim%20Bo/Dads.2013.S01/Dads.2013.S01E01.mp4</link>
<thumbnail>http://media.dangcaphd.com/public/e061f418abb278c2e4f4e0d40aa3792e_thumb.jpg</thumbnail>
</item>

<item>
<title>Beauty and the Beast: Season 2 - Người Đẹp Và Quái Thú: Phần 2 - 2012 (22/22 Tập)</title>
<link>http://server2.dangcaphd.com/3ZKc7Af3BGZrgWSrNggs/Phim%20Bo/Beauty.and.the.Beast.2012.S02/Beauty.and.the.Beast.2012.S02E01.mp4</link>
<thumbnail>http://media.dangcaphd.com/public/25305305379b1eea4f1d75b1ad9c2897_thumb.jpg</thumbnail>
</item>

<item>
<title>Beauty and the Beast: Season 1 - Người Đẹp Và Quái Thú: Phần 1 - 2012 (Trọn Bộ 22 Tập)</title>
<link>http://server2.dangcaphd.com/3ZKc7Af3BGZrgWSrNggs/Phim%20Bo/Beauty.and.the.Beast.2012.S01/Beauty.and.the.Beast.2012.S01E01.mp4</link>
<thumbnail>http://media.dangcaphd.com/public/4081bc025380ac087fc6c5b28d16f088_thumb.jpg</thumbnail>
</item>

<item>
<title>Gilded Chopsticks - Cuộc Chiến Ẩm Thực - 2014</title>
<link>http://server2.dangcaphd.com/3ZKc7Af3BGZrgWSrNggs/Phim%20Bo/Gilded.Chopsticks.2014/DoiDuaVang.2014.Ep01.720p-muxed.mp4</link>
<thumbnail>http://media.dangcaphd.com/public/04cb1931a269e054bd1d3360515a64a1_thumb.jpg</thumbnail>
</item>

<item>
<title>Queen Divas - Mẹ Chồng Nàng Dâu - 2013</title>
<link>http://server2.dangcaphd.com/3ZKc7Af3BGZrgWSrNggs/Phim%20Bo/Queen.Divas.MeChongNangDau.2013/Queen.Divas.MeChongNangDau.2013.E01.mp4</link>
<thumbnail>http://media.dangcaphd.com/public/d6743ccc1f7f18071d805251a3998f24_thumb.jpg</thumbnail>
</item>

<item>
<title>Orphan Black Season 1 - Hoán Vị Phần 1 - 2013 ( Trọn bộ 10 tập )</title>
<link>http://server2.dangcaphd.com/3ZKc7Af3BGZrgWSrNggs/Phim%20Bo/Orphan.Black.S01/Orphan.Black.S01E01.mp4</link>
<thumbnail>http://media.dangcaphd.com/public/a48aa58cd82ab5636e7651b4aa6f8cb7_thumb.jpg</thumbnail>
</item>

<item>
<title>Nikita - Season 4 - Sát Thủ Nikita 4 - 2013</title>
<link>http://server2.dangcaphd.com/3ZKc7Af3BGZrgWSrNggs/Phim%20Bo/Nikita.S04/Nikita.S04E01.mp4</link>
<thumbnail>http://media.dangcaphd.com/public/76a80548670f8d7bfaf495d71bd497fd_thumb.jpg</thumbnail>
</item>

<item>
<title>My Little Pony: Friendship Is Magic Ss2 - Bé Pony Của Em: Tình Bạn Là Phép Màu Ss2</title>
<link>http://server2.dangcaphd.com/3ZKc7Af3BGZrgWSrNggs/Phim%20Bo/My%20Little%20Pony%20Friendship%20Is%20Magic%20S02/My.Little.Pony.Friendship.is.Magic.S02E01.mp4</link>
<thumbnail>http://media.dangcaphd.com/public/48bc8f4315cdcd7d8c6eb427d290aca0_thumb.jpg</thumbnail>
</item>

<item>
<title>Game of Thrones: Season 4 - Cuộc Chiến Ngai Vàng: Phần 4 - 2014 ( Tập 10/10)</title>
<link>http://server2.dangcaphd.com/3ZKc7Af3BGZrgWSrNggs/Phim%20Bo/Game.of.Thrones.S04/Game.of.Thrones.S04E01.mp4</link>
<thumbnail>http://media.dangcaphd.com/public/267f7a04182b915f7822156824accbc7_thumb.jpg</thumbnail>
</item>

<item>
<title>Vietnam The Ten Thousand Day War - Việt Nam Cuộc Chiến 10.000 Ngày - 1980</title>
<link>http://server2.dangcaphd.com/3ZKc7Af3BGZrgWSrNggs/Phim%20Bo/Vietnam-The.Ten.Thousand.Day.War/Vietnam-The.Ten.Thousand.Day.War.E01.mp4</link>
<thumbnail>http://media.dangcaphd.com/public/aa82ab701c94de4db433d8d7b9c52083_thumb.jpg</thumbnail>
</item>

<item>
<title>A Time Of Love - Khoảnh Khắc Tình Yêu - 2014</title>
<link>http://server2.dangcaphd.com/3ZKc7Af3BGZrgWSrNggs/Phim%20Bo/A.Time.of.Love.Khoanh.Khac.Tinh.Yeu.2014/A.Time.of.Love.Khoanh.Khac.Tinh.Yeu.2014.E01.mp4</link>
<thumbnail>http://media.dangcaphd.com/public/19bb3905d541e9a280f28208550bcd8e_thumb.jpg</thumbnail>
</item>

<item>
<title>The 100 Season 1 - 2014 ( Tập 13/13)</title>
<link>http://server2.dangcaphd.com/3ZKc7Af3BGZrgWSrNggs/Phim%20Bo/The.100/The.100.S01E01.mp4</link>
<thumbnail>http://media.dangcaphd.com/public/852cb1a305b3a653f69bf9bd530d0413_thumb.jpg</thumbnail>
</item>

<item>
<title>Full House - Ngôi Nhà Hạnh Phúc - 2014</title>
<link>http://server2.dangcaphd.com/3ZKc7Af3BGZrgWSrNggs/Phim%20Bo/Full.House/Full.House.E01.mp4</link>
<thumbnail>http://media.dangcaphd.com/public/5ca9d3a90a2472d5367b33428a21b712_thumb.jpg</thumbnail>
</item>

<item>
<title>Coffee Cat Mama - Cafe Hữu Tình 2014 - (20/20 Tập)</title>
<link>http://server2.dangcaphd.com/3ZKc7Af3BGZrgWSrNggs/Phim%20Bo/Coffee.Cat.Mama.CafeHuuTinh.2014/Coffee.Cat.Mama.CafeHuuTinh.2014.E01.mp4</link>
<thumbnail>http://media.dangcaphd.com/public/403f7488548f68cca3a61ad1c21e86f2_thumb.jpg</thumbnail>
</item>

<item>
<title>Cung Tỏa Châu Liêm - Cung Tỏa Tâm Ngọc 2 - 2012</title>
<link>http://server2.dangcaphd.com/3ZKc7Af3BGZrgWSrNggs/Phim%20Bo/Cung.Toa.Chau.Liem.2012/Cung.Toa.Chau.Liem.2012.E01.mp4</link>
<thumbnail>http://media.dangcaphd.com/public/c3bde0bdfcb24406ca8be2d8620e31dd_thumb.jpg</thumbnail>
</item>

<item>
<title>Yes Sir, Sorry Sir - Mật Cảnh Học Đường - 2012</title>
<link>http://server2.dangcaphd.com/3ZKc7Af3BGZrgWSrNggs/Phim%20Bo/Yes.Sir.Sorry.Sir/Yes.Sir.Sorry.Sir.E01.mp4</link>
<thumbnail>http://media.dangcaphd.com/public/3931670f62e5e0dc7d5062621026cf17_thumb.jpg</thumbnail>
</item>

<item>
<title>Inuyasha Final Act - Khuyển Dạ Xoa 2 - 2010</title>
<link>http://server2.dangcaphd.com/3ZKc7Af3BGZrgWSrNggs/Phim%20Bo/InuyashaTheFinalAct/Inuyasha.TheFinalAct.Ep001.mp4</link>
<thumbnail>http://media.dangcaphd.com/public/6d12823b3a9b0612ab210c832ae27641_thumb.jpg</thumbnail>
</item>

<item>
<title>Bao La Vùng Trời II - 2013</title>
<link>http://server2.dangcaphd.com/3ZKc7Af3BGZrgWSrNggs/Phim%20Bo/Bao.La.Vung.Troi/Bao.La.Vung.Troi.2.E01.mp4</link>
<thumbnail>http://media.dangcaphd.com/public/71efdaf21dc56c383cda6c4a18d1a94b_thumb.jpg</thumbnail>
</item>

<item>
<title>My Little Pony Friendship is Magic - 2012</title>
<link>http://server2.dangcaphd.com/3ZKc7Af3BGZrgWSrNggs/Phim%20Bo/My%20Little%20Pony%20Friendship%20Is%20Magic%20S01/My.Little.Pony.Friendship.is.Magic.S01E01.mp4</link>
<thumbnail>http://media.dangcaphd.com/public/52df56c72dc195c800cccdcffc668040_thumb.jpg</thumbnail>
</item>

<item>
<title>Vikings Season 1 - Người Vikings Dũng Mãnh Season 1 - 2013 Full</title>
<link>http://server1.dangcaphd.com/p6jdqdE5QKfXAYgVphim/phimbo/Vikings%20s01/Vikings.S01E01.mp4</link>
<thumbnail>http://media.dangcaphd.com/public/b3d7f30b072520e3d8b6709fafc89bf9_thumb.jpg</thumbnail>
</item>

<item>
<title>Bitten - Nanh Vuốt - 2014 ( Tập 5/13)</title>
<link>http://server2.dangcaphd.com/3ZKc7Af3BGZrgWSrNggs/Phim%20Bo/Bitten.S01/Bitten-S01E01.mp4</link>
<thumbnail>http://media.dangcaphd.com/public/d34313729de59286e343a27a982c49ec_thumb.jpg</thumbnail>
</item>

<item>
<title>Three Days - 3 Ngày - 2014</title>
<link>http://server1.dangcaphd.com/p6jdqdE5QKfXAYgVphim/phimbo/Three%20Day/Three.Days.Ep01.mp4</link>
<thumbnail>http://media.dangcaphd.com/public/c4d6c8f9d5f6d93ac8100b1bb775fc71_thumb.jpg</thumbnail>
</item>

<item>
<title>Inuyasha - Khuyển Dạ Xoa (2000 - 2010) - Full</title>
<link>http://server1.dangcaphd.com/p6jdqdE5QKfXAYgVphim/phimbo/Inuyasha.S01/Inuyasha.S01.E001.mp4</link>
<thumbnail>http://media.dangcaphd.com/public/76ac03f788bb4866c37e2009cea24bed_thumb.jpg</thumbnail>
</item>

<item>
<title>Vì Sao Đưa Anh Tới -You Came From The Stars - 2013</title>
<link>http://server1.dangcaphd.com/p6jdqdE5QKfXAYgVphim/phimbo/visaoduaanhtoi/My.Love.From.Another.Star.E01.mp4</link>
<thumbnail>http://media.dangcaphd.com/public/a5349c70068ae51e3bd26e4774fced19_thumb.jpg</thumbnail>
</item>

<item>
<title>Dragons: Riders of Berk Season 2 - Những Câu Chuyện Về Rồng Phần 02 (08/20 Tập)</title>
<link>http://server2.dangcaphd.com/3ZKc7Af3BGZrgWSrNggs/Phim%20Bo/Dragons.Defenders.of.Berk.S02/Dragons.Defenders.of.Berk.S02E01.mp4</link>
<thumbnail>http://media.dangcaphd.com/public/614ac69bec09f7f18f191e4f2680028b_thumb.jpg</thumbnail>
</item>

<item>
<title>Lost Girl Season 1 - Cô Gái Mất Tích Phần 1 (13/13 Tập)</title>
<link>http://server1.dangcaphd.com/p6jdqdE5QKfXAYgVphim/phimbo/Lost.Girl.S01/Lost.Girl.S01E01.mp4</link>
<thumbnail>http://media.dangcaphd.com/public/4f413af33d69641043867f8e1514109b_thumb.jpg</thumbnail>
</item>

<item>
<title>Hàng Rào Tình Yêu -Ton Ruk Rim Rua -2013</title>
<link>http://server1.dangcaphd.com/p6jdqdE5QKfXAYgVphim/phimbo/Ton.Ruk.Rim.Rua/Ton.Ruk.Rim.Rua.E01.mp4</link>
<thumbnail>http://media.dangcaphd.com/public/aa8d85c7ee6f02d3e2d1e27371d87162_thumb.jpg</thumbnail>
</item>

<item>
<title>Skins Uk - Skins Uk Season 1</title>
<link>http://server1.dangcaphd.com/p6jdqdE5QKfXAYgVphim/phimbo/Skins%20UK/Skins.UK.S01E01.mp4</link>
<thumbnail>http://media.dangcaphd.com/public/c410058b0046af2d752baa465668fcb7_thumb.jpg</thumbnail>
</item>

<item>
<title>Red Widow - Góa Phụ Đỏ (2013)</title>
<link>http://server1.dangcaphd.com/p6jdqdE5QKfXAYgVphim/phimbo/Red%20Widow/Red.Widow.S01E01.mp4</link>
<thumbnail>http://media.dangcaphd.com/public/1a613208692b86807fe29d5ac441a7f0_thumb.jpg</thumbnail>
</item>

<item>
<title>Planet Dinosaur - Thời Đại Khủng Long</title>
<link>http://server1.dangcaphd.com//p6jdqdE5QKfXAYgVphim/phimbo/Planet.Dinosaur.S01/Planet.Dinosaur.S01E01.mp4</link>
<thumbnail>http://media.dangcaphd.com/public/2318a7b4386a345543a3febc3005a9ba_thumb.jpg</thumbnail>
</item>

