<item>
<title>The Big Bang Theory: Season 1 - Vụ Nổ Lớn: Phần 1 - 2007</title>
<link>http://server2.dangcaphd.com/3ZKc7Af3BGZrgWSrNggs/Phim%20Bo/The.Big.Bang.Theory.S01/The.Big.Bang.Theory.S01E01.mp4</link>
<thumbnail>http://media.dangcaphd.com/public/553ac7d67794781ed17e8c0ad1cc28e6_thumb.jpg</thumbnail>
</item>

<item>
<title>Thiên Thần Áo Trắng - Good Doctor - 2013</title>
<link>http://server2.dangcaphd.com/3ZKc7Af3BGZrgWSrNggs/Phim%20Bo/Good.Doctor.2014/Good.Doctor.01-muxed.mp4</link>
<thumbnail>http://media.dangcaphd.com/public/fee85027f964cbf2d0770c59d0336d9e_thumb.jpg</thumbnail>
</item>

<item>
<title>Bu Bu Jing Qing - Bộ Bộ Kinh Tình - 2013</title>
<link>http://server2.dangcaphd.com/3ZKc7Af3BGZrgWSrNggs/Phim%20Bo/Bo.Bo.Kinh.Tinh.2014/[C-Zone].Bu.Bu.Jing.Qing.Ep01.KITESVN.COM-muxed.mp4</link>
<thumbnail>http://media.dangcaphd.com/public/7070bc15c2a2198ffd988b9182c598cb_thumb.jpg</thumbnail>
</item>

<item>
<title>Pretty Little Liars - Season 4 Những Thiên Thần Nói Dối 4 - 2013</title>
<link>http://server2.dangcaphd.com/3ZKc7Af3BGZrgWSrNggs/Phim%20Bo/Pretty.Little.Liars.S04/[E-zone].Pretty.Little.Liars.S04.E01.KITES.VN-muxed.mp4</link>
<thumbnail>http://media.dangcaphd.com/public/0132a201ed4ebbc1054d1b8d30c4a326_thumb.jpg</thumbnail>
</item>

<item>
<title>Pretty Little Liars Season 3 - Những Thiên Thần Nói Dối 1 - 2012</title>
<link>http://server2.dangcaphd.com/3ZKc7Af3BGZrgWSrNggs/Phim%20Bo/Pretty.Little.Liars.S03/[E-Zone].Pretty.Little.Liars.S03.E01.KITES.VN-muxed.mp4</link>
<thumbnail>http://media.dangcaphd.com/public/b5db7186cb87f7d434f10f8f234a4994_thumb.jpg</thumbnail>
</item>

<item>
<title>Pretty Little Liars - Season 2 Những Thiên Thần Nói Dối 2 - 2011</title>
<link>http://server2.dangcaphd.com/3ZKc7Af3BGZrgWSrNggs/Phim%20Bo/Pretty.Little.Liars.S02/Pretty.Little.Liars.S02.E01.KITES.VN-muxed.mp4</link>
<thumbnail>http://media.dangcaphd.com/public/f1c3ba9ca8951d5723ab398a2eb1f03a_thumb.jpg</thumbnail>
</item>

<item>
<title>Pretty Little Liars - Những Thiên Thần Nói Dối 1 - 2010</title>
<link>http://server2.dangcaphd.com/3ZKc7Af3BGZrgWSrNggs/Phim%20Bo/Pretty.Little.Liars.S01/Pretty.little.liars.S1.E01.KITES.VN-muxed.mp4</link>
<thumbnail>http://media.dangcaphd.com/public/39f643da3fc60630e46a33032bdb482c_thumb.jpg</thumbnail>
</item>

<item>
<title>Looking - Season 1 - 2014</title>
<link>http://server2.dangcaphd.com/3ZKc7Af3BGZrgWSrNggs/Phim%20Bo/Looking.S01/Looking.S01E01.mp4</link>
<thumbnail>http://media.dangcaphd.com/public/e2de87fe12008f52ed7d9095a8e87d09_thumb.jpg</thumbnail>
</item>

<item>
<title>Helix - Đại Dịch 1 - Season 1 - 2014</title>
<link>http://server2.dangcaphd.com/3ZKc7Af3BGZrgWSrNggs/Phim%20Bo/Helix.S01/Helix.S01E01-E02.mp4</link>
<thumbnail>http://media.dangcaphd.com/public/9593267df426a5846fac4b4e1d4b1f92_thumb.jpg</thumbnail>
</item>

<item>
<title>Witch's Romance - Phù Thủy Tình Yêu - 2014 ( 16 tập )</title>
<link>http://server2.dangcaphd.com/3ZKc7Af3BGZrgWSrNggs/Phim%20Bo/Witchs.Romance/[K-zone].Witchs.Romance.E01.SD.KITESVN.COM-muxed.mp4</link>
<thumbnail>http://media.dangcaphd.com/public/38283b8a1a959d16d10555ad635d90c4_thumb.jpg</thumbnail>
</item>

<item>
<title>Dragon Ball Kai - Bảy Viên Ngọc Rồng - 2014</title>
<link>http://server3.dangcaphd.com/p4R4cDQnzcUagcNa/phimbo/DragonBallKai(2014)/DragonBallKai(2014)-01.mp4</link>
<thumbnail>http://media.dangcaphd.com/public/42331216de1aca9f1c1486d4069659ce_thumb.jpg</thumbnail>
</item>

<item>
<title>Supernatural: Season 9 - Siêu Nhiên: Phần 9 - 2013 (23/23 Tập)</title>
<link>http://server2.dangcaphd.com/3ZKc7Af3BGZrgWSrNggs/Phim%20Bo/Supernatural.S09/Supernatural.S09E01.mp4</link>
<thumbnail>http://media.dangcaphd.com/public/2e813cb6e30b405f215419868518c5af_thumb.jpg</thumbnail>
</item>

<item>
<title>Supernatural: Season 8 - Siêu Nhiên: Phần 8 - 2012 (23/23 Tập)</title>
<link>http://server2.dangcaphd.com/3ZKc7Af3BGZrgWSrNggs/Phim%20Bo/Supernatural.S08/Supernatural.S08E01.mp4</link>
<thumbnail>http://media.dangcaphd.com/public/b919911e659c0b094267cf45856ffed3_thumb.jpg</thumbnail>
</item>

<item>
<title>Supernatural Season 7 - Siêu Nhiên Phần 7 - 2011 (Trọn Bộ 23 Tập)</title>
<link>http://server2.dangcaphd.com/3ZKc7Af3BGZrgWSrNggs/Phim%20Bo/Supernatural.S07/Supernatural.S07E01.mp4</link>
<thumbnail>http://media.dangcaphd.com/public/508183e7c718ee650f30f9ac0d92cf07_thumb.jpg</thumbnail>
</item>

<item>
<title>Supernatural: Season 6 - Siêu Nhiên: Phần 6 - 2010 (Trọn Bộ 22 Tập)</title>
<link>http://server2.dangcaphd.com/3ZKc7Af3BGZrgWSrNggs/Phim%20Bo/Supernatural.S06/Supernatural.S06E01.vietsub.mp4</link>
<thumbnail>http://media.dangcaphd.com/public/483508ecfcac1273e9b41b2ff4c2159f_thumb.jpg</thumbnail>
</item>

<item>
<title>Supernatural: Season 5 - Siêu Nhiên: Phần 5 - 2009 (Trọn Bộ 22 Tập)</title>
<link>http://server2.dangcaphd.com/3ZKc7Af3BGZrgWSrNggs/Phim%20Bo/Supernatural.S05/Supernatural.S05E01.mp4</link>
<thumbnail>http://media.dangcaphd.com/public/0cc65cd9ec4158d82ea373bdbc5ec8ff_thumb.jpg</thumbnail>
</item>

<item>
<title>Vừa Đi Vừa Khóc - 2014 (36/36)</title>
<link>http://server2.dangcaphd.com/3ZKc7Af3BGZrgWSrNggs/Phim%20Bo/VuaDiVuaKhoc/VuaDiVuaKhoc2014E01720pHDTVx264-VTV3HD-muxed.mp4</link>
<thumbnail>http://media.dangcaphd.com/public/61f749c8c1f6f17e680810ab4849c2f6_thumb.jpg</thumbnail>
</item>

<item>
<title>Supernatural: Season 4 - Siêu Nhiên: Phần 4 - 2008 (Trọn Bộ 22 Tập)</title>
<link>http://server2.dangcaphd.com/3ZKc7Af3BGZrgWSrNggs/Phim%20Bo/Supernatural.S04/Supernatural.S04E01.mp4</link>
<thumbnail>http://media.dangcaphd.com/public/6aca894a891af3da77de8d2faa0381bb_thumb.jpg</thumbnail>
</item>

<item>
<title>Supernatural: Season 3 - Siêu Nhiên: Phần 3 - 2007  (Trọn Bộ 16 Tập)</title>
<link>http://server2.dangcaphd.com/3ZKc7Af3BGZrgWSrNggs/Phim%20Bo/Supernatural.S03/Supernatural.S03E01.mp4</link>
<thumbnail>http://media.dangcaphd.com/public/f36d7792bf04e5ecf43122aa1c686a7f_thumb.jpg</thumbnail>
</item>

<item>
<title>Suits: Season 3 - Tố Tụng: Phần 3 - 2013 (16/16 Tập)</title>
<link>http://server2.dangcaphd.com/3ZKc7Af3BGZrgWSrNggs/Phim%20Bo/Suits.S03/Suits.S03E01.mp4</link>
<thumbnail>http://media.dangcaphd.com/public/fc44b2dce0fd085b2b8bd44069354b0b_thumb.jpg</thumbnail>
</item>

<item>
<title>Suits Season 2 - Tố Tụng Phần 2 - 2012 (16/16 Tập)</title>
<link>http://server2.dangcaphd.com/3ZKc7Af3BGZrgWSrNggs/Phim%20Bo/Suits.S02/Suits.S02E01.mp4</link>
<thumbnail>http://media.dangcaphd.com/public/a195e5220de7da4c201b899f626c03da_thumb.jpg</thumbnail>
</item>

<item>
<title>Suits: Season 1 - Tố Tụng: Phần 1 - 2011</title>
<link>http://server2.dangcaphd.com/3ZKc7Af3BGZrgWSrNggs/Phim%20Bo/Suits.S01/Suits.S01E01.mp4</link>
<thumbnail>http://media.dangcaphd.com/public/5e22ec0adf4320e1ae86e5b9d5c583ac_thumb.jpg</thumbnail>
</item>

<item>
<title>Person of Interest: Season 2 - Kẻ Tình Nghi: Phần 2 - 2011(22/22 Tập)</title>
<link>http://server2.dangcaphd.com/3ZKc7Af3BGZrgWSrNggs/Phim%20Bo/Person.of.Interest.S02/Person.of.Interest.S02E01.mp4</link>
<thumbnail>http://media.dangcaphd.com/public/f87b9816605e5f4ffe0f01b6c7e3b7bb_thumb.jpg</thumbnail>
</item>

<item>
<title>Young Justice - Công Lý Trẻ - 2011 (26 Tập)</title>
<link>http://server2.dangcaphd.com/3ZKc7Af3BGZrgWSrNggs/Phim%20Bo/Young.Justice.S01/Young.Justice.S01E01.mp4</link>
<thumbnail>http://media.dangcaphd.com/public/fb520c5ef0b1ac37a1e4682be30c67e4_thumb.jpg</thumbnail>
</item>

<item>
<title>Once Upon a Time in Wonderland: Season 1 - Ngày Xửa Ngày Xưa Ở Xứ Sở Thần Tiên: Phần 1 - 2013 (13/22 Tập)</title>
<link>http://server2.dangcaphd.com/3ZKc7Af3BGZrgWSrNggs/Phim%20Bo/Once.Upon.a.Time.in.Wonderland.S01/Once.Upon.a.Time.in.Wonderland.S01E01.mp4</link>
<thumbnail>http://media.dangcaphd.com/public/b15142c960af4f133afd67890445375f_thumb.jpg</thumbnail>
</item>

<item>
<title>Revolution: Season 2 - Cuộc Cách Mạng: Phần 2 - 2013 ( 22/22Tập)</title>
<link>http://server2.dangcaphd.com/3ZKc7Af3BGZrgWSrNggs/Phim%20Bo/Revolution.2012.S02(Updating%20sub)/Revolution.2012.S02E01.mp4</link>
<thumbnail>http://media.dangcaphd.com/public/1dc78c734891cab6cc21597d2c8a4804_thumb.jpg</thumbnail>
</item>

<item>
<title>Crossbones: Season 1 - Huyền Thoại Cướp Biển: Phần 1 - 2014 (9 Tập)</title>
<link>http://server2.dangcaphd.com/3ZKc7Af3BGZrgWSrNggs/Phim%20Bo/cossbone/Crossbones.S01E01.mp4</link>
<thumbnail>http://media.dangcaphd.com/public/5f89e97a7905265b7cfd35bdadc8c378_thumb.jpg</thumbnail>
</item>

<item>
<title>Revolution: Season 1 - Cuộc Cách Mạng: Phần 1 - 2012 (20/24 Tập)</title>
<link>http://server2.dangcaphd.com/3ZKc7Af3BGZrgWSrNggs/Phim%20Bo/Revolution.2012.S01/Revolution.2012.S01E01.mp4</link>
<thumbnail>http://media.dangcaphd.com/public/4d192246c1c957e83e2721151b26c572_thumb.jpg</thumbnail>
</item>

<item>
<title>Person of Interest: Season 1 - Kẻ Tình Nghi: Phần 1 - 2011(Trọn Bộ 23 Tập)</title>
<link>http://server2.dangcaphd.com/3ZKc7Af3BGZrgWSrNggs/Phim%20Bo/Person.of.Interest.S01/Person.of.Interest.S01E01.mp4</link>
<thumbnail>http://media.dangcaphd.com/public/0a77de229833d5b1732d3bf627f994bd_thumb.jpg</thumbnail>
</item>

<item>
<title>The Originals Season 1 - Gia đình thủy tổ phần 1 - 2013</title>
<link>http://server2.dangcaphd.com/3ZKc7Af3BGZrgWSrNggs/Phim%20Bo/The.Originals.S01/The.Originals.S01E01.mp4</link>
<thumbnail>http://media.dangcaphd.com/public/a89c508bbbabd54dd35c70236078e3f2_thumb.jpg</thumbnail>
</item>

<item>
<title>Supernatural Season 2 - Siêu Nhiên Phần 2 - 2006  (Trọn Bộ 22 Tập)</title>
<link>http://server2.dangcaphd.com/3ZKc7Af3BGZrgWSrNggs/Phim%20Bo/Supernatural.S02/Supernatural.S02E01.mp4</link>
<thumbnail>http://media.dangcaphd.com/public/5980d3ffdc164d2d4628d97be20ebfe2_thumb.jpg</thumbnail>
</item>

<item>
<title>Supernatural - Siêu Nhiên - 2005 (Trọn Bộ 22 Tập)</title>
<link>http://server2.dangcaphd.com/3ZKc7Af3BGZrgWSrNggs/Phim%20Bo/Supernatural.S01/Supernatural.S01E01.mp4</link>
<thumbnail>http://media.dangcaphd.com/public/7e0ff7bca86bf30385ed41760ad8ed04_thumb.jpg</thumbnail>
</item>

<item>
<title>Person of Interest: Season 3 - Kẻ Tình Nghi: Phần 3 - 2013 (23/23 Tập)</title>
<link>http://server2.dangcaphd.com/3ZKc7Af3BGZrgWSrNggs/Phim%20Bo/Person.of.Interest.S03/Person.of.Interest.S03E01.mp4</link>
<thumbnail>http://media.dangcaphd.com/public/6e4e7c47d6574cb21249474078ca5f8c_thumb.jpg</thumbnail>
</item>

<item>
<title>How I Met Your Mother: Season 9 - Bố Gặp Mẹ Thế Nào: Phần 9 - 2013 (24/24 Tập)</title>
<link>http://server2.dangcaphd.com/3ZKc7Af3BGZrgWSrNggs/Phim%20Bo/How.I.Met.Your.Mother.S09/How.I.Met.Your.Mother.S09E01-02.mp4</link>
<thumbnail>http://media.dangcaphd.com/public/84785d2af1aa52daa4ee24474911892f_thumb.jpg</thumbnail>
</item>

<item>
<title>How I Met Your Mother: Season 8 - Bố Gặp Mẹ Thế Nào: Phần 8 - 2012 (Trọn Bộ 23 Tập)</title>
<link>http://server2.dangcaphd.com/3ZKc7Af3BGZrgWSrNggs/Phim%20Bo/How.I.Met.Your.Mother.S08/How.I.Met.Your.Mother.S08E01.mp4</link>
<thumbnail>http://media.dangcaphd.com/public/49aa4b5efa4ac2f9f01c05db251433e4_thumb.jpg</thumbnail>
</item>

