<item>
<title>House MD Season 2 - Bác Sĩ House Phần 2 - 2005 ( Trọn bộ 24 tập )</title>
<link>http://server3.dangcaphd.com/p4R4cDQnzcUagcNa/phimbo2014/HouseMD.S02/House.M.D.S02E01.mp4</link>
<thumbnail>http://media.dangcaphd.com/public/9e045211a35df771519bcb4305d482b4_thumb.jpg</thumbnail>
</item>

<item>
<title>House MD Season 1 - Bác Sĩ House Phần 1 - 2004 ( Trọn bộ 22 tập )</title>
<link>http://server3.dangcaphd.com/p4R4cDQnzcUagcNa/phimbo2014/HouseMD.S01/House.M.D.S01E01.mp4</link>
<thumbnail>http://media.dangcaphd.com/public/026e28644d10bbb28118dc6c39db8749_thumb.jpg</thumbnail>
</item>

<item>
<title>Dr Frost - Giáo Sư Băng Giá - 2014 ( 5/10 Tập )</title>
<link>http://server3.dangcaphd.com/p4R4cDQnzcUagcNa/phimbo2014/Dr.Frost/Dr.Frost.E01.mp4</link>
<thumbnail>http://media.dangcaphd.com/public/530d96862630af489388f9a8f1d62eac_thumb.jpg</thumbnail>
</item>

<item>
<title>A Legend of Shaolin - Thiếu Lâm Tàng Kinh Các - 2014 (63/63 tập)</title>
<link>http://server3.dangcaphd.com/p4R4cDQnzcUagcNa/phimbo2014/A.Legend.of.Shaolin/A.Legend.of.Shaolin.2014.E01.mp4</link>
<thumbnail>http://media.dangcaphd.com/public/9031ff8ba6f0b5f52782dd775adb320a_thumb.jpg</thumbnail>
</item>

<item>
<title>Battlestar Galactica Season 4 - Tử Chiến Liên Hành Tinh 4 - 2008</title>
<link>http://server3.dangcaphd.com/p4R4cDQnzcUagcNa/phimbo0710/Battlestar.S04/Battlestar.Galactica.S04E01.mp4</link>
<thumbnail>http://media.dangcaphd.com/public/6ab5275c68bf730d5a80a174750eb01a_thumb.jpg</thumbnail>
</item>

<item>
<title>Battlestar Galactica Season 3 - Tử Chiến Xuyên Hành Tinh 3 - 2006</title>
<link>http://server3.dangcaphd.com/p4R4cDQnzcUagcNa/phimbo0710/Battlestar.S03/Battlestar.Galactica.S03E01.mp4</link>
<thumbnail>http://media.dangcaphd.com/public/f0f69924fa8e95233dcbb4df9aa8893e_thumb.jpg</thumbnail>
</item>

<item>
<title>Battlestar Galactica Season 2 - Tử Chiến Xuyên Hành Tinh 2 - 2005</title>
<link>http://server3.dangcaphd.com/p4R4cDQnzcUagcNa/phimbo0710/Battlestar.S02/Battlestar.Galactica.S02E01.mp4</link>
<thumbnail>http://media.dangcaphd.com/public/748da865acd5a6722c2bc40b7aa00402_thumb.jpg</thumbnail>
</item>

<item>
<title>Tân Thần Điêu Đại Hiệp - The Condor Heroes - 2014 (32/52 tập )</title>
<link>http://server3.dangcaphd.com/p4R4cDQnzcUagcNa/phimbo2014/ThanDieuDaiHiep/Than.Dieu.Dai.Hiep.2014.E1.mp4</link>
<thumbnail>http://media.dangcaphd.com/public/101105f218456af9f6f483d27e4ce45f_thumb.jpg</thumbnail>
</item>

<item>
<title>Battlestar Galactica Season 1 - Tử Chiến Liên Hành Tinh Phần 1 - 2004</title>
<link>http://server3.dangcaphd.com/p4R4cDQnzcUagcNa/phimbo0710/Battlestar/Battlestar.Galactica.S01E01.mp4</link>
<thumbnail>http://media.dangcaphd.com/public/6557b1609aaabdc595830e52808c5f57_thumb.jpg</thumbnail>
</item>

<item>
<title>Faking It Season 2 - Nổi Tiếng Nhanh Phần 2 - 2014 (10/10 tập)</title>
<link>http://server3.dangcaphd.com/p4R4cDQnzcUagcNa/phimbo2014/Faking.It%20S2/Faking.It.2014.S02E01.mp4</link>
<thumbnail>http://media.dangcaphd.com/public/1c8fbf434790e780b558209cdad9f494_thumb.jpg</thumbnail>
</item>

<item>
<title>House M.D Season 6 - Bác Sĩ House Phần 6 - 2009 ( Trọn bộ 23 tập )</title>
<link>http://server3.dangcaphd.com/p4R4cDQnzcUagcNa/phimbo2014/HouseMD.S06/House.MD.S06E01-02.mp4</link>
<thumbnail>http://media.dangcaphd.com/public/7f1d414491f25182f8d897018bcfbe80_thumb.jpg</thumbnail>
</item>

<item>
<title>Could We Love - Lửa Yêu Còn Cháy - 2014 ( Trọn bộ 20 tập )</title>
<link>http://server3.dangcaphd.com/p4R4cDQnzcUagcNa/phimbo2014/Could%20We%20Love/Could.We.Love.01.MP4</link>
<thumbnail>http://media.dangcaphd.com/public/0fd6a25b4675132e224f12019301e9d1_thumb.jpg</thumbnail>
</item>

<item>
<title>The Mentalist Season 7 - Thám Tử Đại Tài Phần 7 - 2014 (08/22 Tập)</title>
<link>http://server3.dangcaphd.com/p4R4cDQnzcUagcNa/phimbo2014/The%20Mentalist%20S07/The.Mentalist.S07E01.mp4</link>
<thumbnail>http://media.dangcaphd.com/public/668c978dc49d7af0f42d8099716f8699_thumb.jpg</thumbnail>
</item>

<item>
<title>Nhật Ký Trọ Chung Thâm Quyến - 2014 (37/49 Tập)</title>
<link>http://server3.dangcaphd.com/p4R4cDQnzcUagcNa/phimbo2014/NhatKyTroChung/NhatkytrochungThamQuyen.01.mp4</link>
<thumbnail>http://media.dangcaphd.com/public/d502f4c6f0edb52c5c56003c15ab6fbb_thumb.jpg</thumbnail>
</item>

<item>
<title>Xứng Danh Tài Nữ - 2009 ( Trọn bộ 25 tập )</title>
<link>http://server3.dangcaphd.com/p4R4cDQnzcUagcNa/phimbo2014/Xung.Danh.Tai.Nu/Xung.Danh.Tai.Nu.Ep01.mp4</link>
<thumbnail>http://media.dangcaphd.com/public/d2e315b5349624513f98288a44551592_thumb.jpg</thumbnail>
</item>

<item>
<title>Hiên Viên Kiếm - 2012 ( Trọn bộ 36 tập )</title>
<link>http://server3.dangcaphd.com/p4R4cDQnzcUagcNa/phimbo2014/HienVienKiem/HienVienKiem.2012.Ep01.mp4</link>
<thumbnail>http://media.dangcaphd.com/public/cb44663d590452fe4459d3ca63b2952e_thumb.png</thumbnail>
</item>

<item>
<title>Marriage Without Dating - Hôn Nhân Không Hẹn Hò -  2014</title>
<link>http://server3.dangcaphd.com/p4R4cDQnzcUagcNa/phimbo2014/HonNhanKhong/HonNhanKhongHenHo.2014.E01.mp4</link>
<thumbnail>http://media.dangcaphd.com/public/5ef2de3ddd6178007547758e2c44637d_thumb.jpg</thumbnail>
</item>

<item>
<title>The Third Name of Love - Tình Yêu Thứ Ba - 2014 ( Trọn bộ 31 Tập )</title>
<link>http://server3.dangcaphd.com/p4R4cDQnzcUagcNa/phimbo2014/The.Third.Name/The.Third.Name.Of.Love.Ep01.mp4</link>
<thumbnail>http://media.dangcaphd.com/public/a2ea404a0cbc1fe7df233599d0a4d5a9_thumb.jpg</thumbnail>
</item>

<item>
<title>The Strongest KPOP Survival - Thần Tượng Âm Nhạc - 2012 ( 14/14 tập )</title>
<link>http://server3.dangcaphd.com/p4R4cDQnzcUagcNa/phimbo2014/The.Strongest/The.Strongest.K-POP.Survival.E01.mp4</link>
<thumbnail>http://media.dangcaphd.com/public/eb47317998e90805773ae6610c53adef_thumb.jpg</thumbnail>
</item>

<item>
<title>Potato Star - Ngôi Sao Khoai Tây - 2013</title>
<link>http://server3.dangcaphd.com/p4R4cDQnzcUagcNa/phimbo2014/Potato.Star/Potato.Star.Ep01.mp4</link>
<thumbnail>http://media.dangcaphd.com/public/620086a43000c6fb030fea79f139e65b_thumb.jpg</thumbnail>
</item>

<item>
<title>Cặp Đôi Oan Gia - Emergency Couple - 2014</title>
<link>http://server3.dangcaphd.com/p4R4cDQnzcUagcNa/phimbo2014/Emergency.Couple/Emergency.couple.Ep01.mp4</link>
<thumbnail>http://media.dangcaphd.com/public/f28feabd78f0bfd233d73920e7202670_thumb.jpg</thumbnail>
</item>

<item>
<title>Mr Back - Quý Ngài Trở Lại - 2014 (16/16 tập)</title>
<link>http://server3.dangcaphd.com/p4R4cDQnzcUagcNa/phimbo2014/Mr.Back/Mr.Back.E01.mp4</link>
<thumbnail>http://media.dangcaphd.com/public/9c6ea27d83a083dc9ed5fc501ebde354_thumb.jpg</thumbnail>
</item>

<item>
<title>Dating Agency  Cyrano - Trung Tâm Mai Mối - 2013 ( 16 Tập )</title>
<link>http://server3.dangcaphd.com/p4R4cDQnzcUagcNa/phimbo2014/Dating.agency.Cyrano/Dating.agency.Cyrano.E01.mp4</link>
<thumbnail>http://media.dangcaphd.com/public/2cd4d5c3962e938222fca6875191549e_thumb.jpg</thumbnail>
</item>

<item>
<title>Sons Of Anarchy Season 3 - Giang Hồ Đẫm Máu 3 - 2009</title>
<link>http://server3.dangcaphd.com/p4R4cDQnzcUagcNa/phimbo2014/Sons.of.Anarchy.S03/Sons.of.Anarchy.S03E01.mp4</link>
<thumbnail>http://media.dangcaphd.com/public/e510a57971e494a3bd762cbcfb3ac6e9_thumb.jpg</thumbnail>
</item>

<item>
<title>Sons Of Anarchy Season 2 - Giang Hồ Đẫm Máu 2 - 2009</title>
<link>http://server3.dangcaphd.com/p4R4cDQnzcUagcNa/phimbo2014/Sons.of.Anarchy.S02/Sons.of.Anarchy.S02E01.mp4</link>
<thumbnail>http://media.dangcaphd.com/public/69beff00edfa6a7b7cf33ecd83f5c6f7_thumb.jpg</thumbnail>
</item>

<item>
<title>Sons Of Anarchy Season 1 - Giang Hồ Đẫm Máu 1 - 2008</title>
<link>http://server3.dangcaphd.com/p4R4cDQnzcUagcNa/phimbo2014/Sons.of.Anarchy.S01/Sons.of.Anarchy.S01E01.mp4</link>
<thumbnail>http://media.dangcaphd.com/public/83363e0b50ebcb0023121f0d05613630_thumb.jpg</thumbnail>
</item>

<item>
<title>Lie to Me: Season 3 - Dối Trá: Phần 3 - 2011</title>
<link>http://server3.dangcaphd.com/p4R4cDQnzcUagcNa/phimbo2014/Lie.To.Me.S03/Lie.To.Me.S03E01.mp4</link>
<thumbnail>http://media.dangcaphd.com/public/51dc247c1349ded70b40143334c367d6_thumb.jpg</thumbnail>
</item>

<item>
<title>Aftermath - Hậu Họa - 2014 ( 6/11 Tập)</title>
<link>http://server3.dangcaphd.com/p4R4cDQnzcUagcNa/phimbo2014/Aftermath/Aftermath%202014%201.mp4</link>
<thumbnail>http://media.dangcaphd.com/public/5c63d412efbb5ed4ae10cbf7ff5ca5a9_thumb.jpg</thumbnail>
</item>

<item>
<title>Hôn Nhân Tuyệt Vời - Greatest Marriage - 2014 (16/16 tập)</title>
<link>http://server3.dangcaphd.com/p4R4cDQnzcUagcNa/phimbo2014/Hon.Nhan.Tuyet.Voi/Hon.Nhan.Tuyet.Voi.Tap1-muxed.mp4</link>
<thumbnail>http://media.dangcaphd.com/public/d21d9156aa22aea5508c4c0072d0ed1c_thumb.jpg</thumbnail>
</item>

<item>
<title>CSI Crime Scene Investigation Season 15 - Đội Điều Tra Hiện Trường Phần 15 - 2014</title>
<link>http://server3.dangcaphd.com/p4R4cDQnzcUagcNa/phimbo2014/CSI.S15/CSI.S15E01.mp4</link>
<thumbnail>http://media.dangcaphd.com/public/33d969c5ac9d085c4d4d19030337d185_thumb.jpg</thumbnail>
</item>

<item>
<title>Atlantis Season 2 - Huyền Thoại Atlantis Phần 2 - 2014 (06/13 Tập)</title>
<link>http://server3.dangcaphd.com/p4R4cDQnzcUagcNa/phimbo2014/Atlantic.S02/atlantis.2013.S02E01.mp4</link>
<thumbnail>http://media.dangcaphd.com/public/b3e865d287d999dc532a874fae049859_thumb.jpg</thumbnail>
</item>

<item>
<title>Lie to Me Season 2 - Dối Trá Phần 2 - 2009</title>
<link>http://server3.dangcaphd.com/p4R4cDQnzcUagcNa/phimbo2014/Lie.To.Me.S02/Lie.To.Me.S02E01.mp4</link>
<thumbnail>http://media.dangcaphd.com/public/e08f4983c53bc9b8ff0abca04672f406_thumb.jpg</thumbnail>
</item>

<item>
<title>Lie To Me Season 1 - Dối Trá Phần 1 - 2009 ( Trộn bộ 13 tập )</title>
<link>http://server3.dangcaphd.com/p4R4cDQnzcUagcNa/phimbo2014/Lie.To.Me.S01/Lie.To.Me.S01E01.mp4</link>
<thumbnail>http://media.dangcaphd.com/public/7c25358eb1ea6ce1b4a9133a7e219708_thumb.jpg</thumbnail>
</item>

<item>
<title>White Collar Season 5 - Cổ Cồn Trắng Phần 5 - 2013</title>
<link>http://server3.dangcaphd.com/p4R4cDQnzcUagcNa/phimbo2014/White.Collar.S05/White.Collar.S05E01.mp4</link>
<thumbnail>http://media.dangcaphd.com/public/62c4b3df6908794eba24087c471a9a68_thumb.jpg</thumbnail>
</item>

<item>
<title>White Collar Season 4 - Cổ Cồn Trắng Phần 4 - 2012 ( 16 tập )</title>
<link>http://server3.dangcaphd.com/p4R4cDQnzcUagcNa/phimbo2014/White.Collar.S04/White.Collar.S04E01.mp4</link>
<thumbnail>http://media.dangcaphd.com/public/b8b7be30d29a1020a812add539bc95af_thumb.jpg</thumbnail>
</item>

